frequency_band,frequency_mhz,n_events,combined_z,mean_z,target,data_col,kind
1,0.45,845,9.213482599190566,0.31695343694310085,Uranus,rv2_coarse,planet
2,0.7,850,2.132035261699135,0.07312820617106805,Uranus,rv2_coarse,planet
3,0.9,856,5.238635340448523,0.17905286977723328,Uranus,rv2_coarse,planet
4,1.31,868,13.948921541566701,0.47345724746382106,Uranus,rv2_coarse,planet
5,2.2,877,13.5110324945431,0.45623514995104736,Uranus,rv2_coarse,planet
6,3.93,880,4.717426600082905,0.1590244182478167,Uranus,rv2_coarse,planet
7,4.7,868,-1.026273512630706,-0.03483399279200381,Uranus,rv2_coarse,planet
8,6.55,865,-1.2322820210910992,-0.041898845701323455,Uranus,rv2_coarse,planet
9,9.18,846,-2.8079102244714074,-0.09653794210357025,Uranus,rv2_coarse,planet
