frequency_band,frequency_mhz,n_events,combined_z,mean_z,target,data_col,kind
1,0.45,1400,-5.817783449115365,-0.15548680297881204,Cygnus-A,rv2_coarse,fixed
2,0.7,1411,-2.97645638513162,-0.07923845813593937,Cygnus-A,rv2_coarse,fixed
3,0.9,1417,1.952916647027693,0.051879858431034646,Cygnus-A,rv2_coarse,fixed
4,1.31,1429,-4.452170460352078,-0.1177756932963789,Cygnus-A,rv2_coarse,fixed
5,2.2,1445,-4.889935038737181,-0.12863796649616943,Cygnus-A,rv2_coarse,fixed
6,3.93,1444,-2.7595882057595893,-0.0726207422568313,Cygnus-A,rv2_coarse,fixed
7,4.7,1427,-4.1932249639011365,-0.11100337311201426,Cygnus-A,rv2_coarse,fixed
8,6.55,1415,-0.15286225346330684,-0.004063703730565181,Cygnus-A,rv2_coarse,fixed
9,9.18,1388,-2.3039838072826844,-0.06184216560604072,Cygnus-A,rv2_coarse,fixed
