frequency_band,frequency_mhz,n_events,combined_z,mean_z,target,data_col,kind
1,0.45,38,3.4551363928477556,0.5604971358483796,Sag-A,rv2_coarse,fixed
2,0.7,38,-4.457181325326632,-0.7230502888319819,Sag-A,rv2_coarse,fixed
3,0.9,40,-5.211581596656373,-0.824023402862555,Sag-A,rv2_coarse,fixed
4,1.31,42,-17.3370756195051,-2.675168846635747,Sag-A,rv2_coarse,fixed
5,2.2,39,-4.726293650152116,-0.7568126765395647,Sag-A,rv2_coarse,fixed
6,3.93,40,11.808967828682642,1.8671617577145105,Sag-A,rv2_coarse,fixed
7,4.7,44,-0.19318787074051302,-0.02912416733154364,Sag-A,rv2_coarse,fixed
8,6.55,39,-1.9758565173700706,-0.3163902563102185,Sag-A,rv2_coarse,fixed
9,9.18,36,2.2186526233514328,0.3697754372252388,Sag-A,rv2_coarse,fixed
