{
  "1": {
    "ingress": {
      "preMedian": [
        1281376.0,
        813036.25,
        85161936.0,
        788550.25,
        433585.0,
        1062966.0,
        11412430.0,
        546144.0625,
        7272550.5
      ],
      "preStd": [
        71161.24203915749,
        61057.96945017474,
        9503552.0,
        0.0,
        0.0,
        315216.32896424877,
        2913681.1075610453,
        31388.14750581619,
        1649836.5
      ],
      "postMedian": [
        1263847.0,
        696840.28125,
        53712080.0,
        1265254.5,
        454996.96875,
        1743602.0,
        11865663.0,
        516715.4375,
        10357576.0
      ],
      "postStd": [
        0.0,
        89603.18250029217,
        20276031.62335636,
        688084.7752606448,
        30782.996816947933,
        153164.0,
        453233.0,
        29428.625,
        2989389.0300681577
      ]
    },
    "egress": {
      "preMedian": [
        3500374.0,
        1651074.0,
        109286264.0,
        1278255.0,
        577491.5,
        547195.21875,
        467219968.0,
        588262.375,
        586473.40625
      ],
      "preStd": [
        0.0,
        418521.8779732429,
        15807864.0,
        0.0,
        0.0,
        41604.55061062974,
        0.0,
        38939.92849820493,
        21717.108700185076
      ],
      "postMedian": [
        3799942.0,
        7722538.5,
        41703688.0,
        863733.625,
        586878.875,
        540164.65625,
        181847088.0,
        525325.3125,
        582256.625
      ],
      "postStd": [
        139224.30927822914,
        1232310.5,
        17703851.927678563,
        267579.6575973276,
        31652.27981873403,
        6855.65625,
        138736626.08204433,
        39238.83938860965,
        41488.625
      ]
    }
  },
  "2": {
    "ingress": {
      "preMedian": [
        4611887.0,
        2929725.0,
        1694066.0,
        1883885.0
      ],
      "preStd": [
        0.0,
        196146.05316333938,
        0.0,
        112372.93826164535
      ],
      "postMedian": [
        4028088.0,
        3094126.0,
        1733518.5,
        1800814.0
      ],
      "postStd": [
        347810.67133208003,
        0.0,
        107836.50757422348,
        115035.88643549455
      ]
    },
    "egress": {
      "preMedian": [
        3337679.0,
        3094126.0,
        2100494.0,
        1668338.0
      ],
      "preStd": [
        0.0,
        261223.6297466215,
        117162.84345303335,
        0.0
      ],
      "postMedian": [
        3337679.0,
        3648265.0,
        2198915.0,
        1814760.0
      ],
      "postStd": [
        198082.1712599092,
        95410.38939002165,
        130632.11387795201,
        76942.98097682465
      ]
    }
  },
  "3": {
    "ingress": {
      "preMedian": [
        2377685.0,
        2110342.0,
        1034801.3125
      ],
      "preStd": [
        0.0,
        189184.11416078254,
        0.0
      ],
      "postMedian": [
        2601722.0,
        2072441.5,
        1011470.5
      ],
      "postStd": [
        144059.88297656717,
        37900.5,
        63108.755836227785
      ]
    },
    "egress": {
      "preMedian": [
        2559324.0,
        1243183.0,
        974828.8125
      ],
      "preStd": [
        0.0,
        0.0,
        0.0
      ],
      "postMedian": [
        2309431.0,
        1357989.0,
        1071861.0
      ],
      "postStd": [
        188855.47478280845,
        92112.28470860985,
        57783.28114725043
      ]
    }
  },
  "4": {
    "ingress": {
      "preMedian": [
        2042135.5,
        2343317.5,
        1807628.0,
        2813663.5,
        3167591.0,
        2195276.5,
        2763304.0,
        2194747.0,
        1269468.0,
        1275514.5,
        1539255.0
      ],
      "preStd": [
        173306.88016893296,
        211854.50024990947,
        0.0,
        215992.72410951718,
        112019.30038238947,
        152828.7118592431,
        144063.83725473928,
        100722.14024138663,
        0.0,
        62578.5,
        126512.24545825153
      ],
      "postMedian": [
        2290034.0,
        2380371.0,
        1949432.0,
        2924820.0,
        3167591.0,
        2376553.0,
        2522470.0,
        2314120.0,
        1181483.0,
        1183207.0,
        1494159.0
      ],
      "postStd": [
        0.0,
        0.0,
        114302.74227159012,
        94429.11212120974,
        0.0,
        0.0,
        41625.0,
        0.0,
        57237.47733104791,
        82082.36813689039,
        48160.81198118965
      ]
    },
    "egress": {
      "preMedian": [
        2811468.0,
        1864351.0,
        1733776.0,
        2217311.0,
        1759261.0,
        1390674.0,
        2498531.0,
        1740643.0,
        1441269.5,
        2645249.0,
        1355944.0
      ],
      "preStd": [
        109030.20880471614,
        118471.0,
        115721.0114033844,
        0.0,
        0.0,
        65919.31825982427,
        0.0,
        142080.65160802155,
        17301.5,
        264372.1087713722,
        0.0
      ],
      "postMedian": [
        2811468.0,
        1982822.0,
        1733776.0,
        1877871.0,
        1759261.0,
        1462253.0,
        2498531.0,
        1877192.0,
        1512176.0,
        2377336.0,
        1424008.0
      ],
      "postStd": [
        53434.645240705024,
        89297.58276823623,
        47505.60687610113,
        206205.65366099932,
        107061.48182684564,
        0.0,
        119466.67210632427,
        0.0,
        104119.65482438942,
        37747.717002341866,
        63174.311983906875
      ]
    }
  },
  "5": {
    "ingress": {
      "preMedian": [
        5317162.0,
        6154723.0,
        8731207.0,
        914858.1875,
        982444.0625
      ],
      "preStd": [
        0.0,
        276712.0,
        401793.0,
        0.0,
        15561.125
      ],
      "postMedian": [
        5317162.0,
        5878011.0,
        8329414.0,
        914858.1875,
        1030133.1875
      ],
      "postStd": [
        358695.11783066625,
        424772.2427853412,
        883507.3501866524,
        31731.390564586454,
        38350.255120904185
      ]
    },
    "egress": {
      "preMedian": [
        4983112.0,
        6272878.0,
        9428809.0,
        996611.8125,
        822334.90625
      ],
      "preStd": [
        0.0,
        383483.6329769499,
        893530.1893464149,
        44225.60767113607,
        45307.03125
      ],
      "postMedian": [
        4983112.0,
        6784837.0,
        10338470.0,
        970514.4375,
        817786.125
      ],
      "postStd": [
        333112.8,
        0.0,
        0.0,
        0.0,
        30918.949545557534
      ]
    }
  },
  "6": {
    "ingress": {
      "preMedian": [
        454952.5625,
        516608.0,
        473678.0,
        512577.9375
      ],
      "preStd": [
        0.0,
        12007.0625,
        11820.480165294683,
        11397.9375
      ],
      "postMedian": [
        454952.5625,
        553771.4375,
        483205.40625,
        501180.0
      ],
      "postStd": [
        18782.756116970944,
        19726.55268381934,
        9527.40625,
        17062.65
      ]
    },
    "egress": {
      "preMedian": [
        461710.875,
        640165.5,
        473678.0,
        483205.40625
      ],
      "preStd": [
        0.0,
        81090.07594455425,
        8250.975844674635,
        15523.450905033216
      ],
      "postMedian": [
        461710.875,
        640165.5,
        464517.75,
        474045.15625
      ],
      "postStd": [
        9374.95,
        28002.852067557957,
        9160.25,
        18687.65625
      ]
    }
  },
  "7": {
    "ingress": {
      "preMedian": [
        407665.9375,
        635602.90625,
        323591.375,
        473352.875,
        261355.1875,
        301557.3125,
        279491.4375
      ],