freq_label,freq_mhz,gain
0.45,0.45,0.181305743676577
0.7,0.7,1.0
0.9,0.9,0.04474770890430895
1.31,1.31,1.7133164691543046
2.2,2.2,2.5163392268160636
3.93,3.93,1.3321786508281124
4.7,4.7,1.6744022135600816
6.55,6.55,-0.5653022270647089
9.18,9.18,-1.2338823403789994
