{
  "1": {
    "ingress": {
      "preMedian": [
        130538608.0,
        582298.9375,
        515479.125,
        684689.65625,
        444402.125
      ],
      "preStd": [
        71906607.52375184,
        0.0,
        26170.275657490933,
        16433.40625,
        25027.492571108178
      ],
      "postMedian": [
        222684768.0,
        692026.125,
        494541.9375,
        690447.09375,
        482519.59375
      ],
      "postStd": [
        0.0,
        85771.60240273942,
        0.0,
        55025.28125,
        47594.84375
      ]
    },
    "egress": {
      "preMedian": [
        3743821.0,
        708264.875,
        13055497.0,
        651758.4375,
        1097508.0
      ],
      "preStd": [
        0.0,
        71581.58293819975,
        0.0,
        15349.608840954628,
        69235.92267441898
      ],
      "postMedian": [
        2467689.5,
        785323.9375,
        3323031.0,
        635268.5,
        1125073.0
      ],
      "postStd": [
        318723.8897937367,
        19205.88797928689,
        373360.8666518761,
        26212.892461942352,
        0.0
      ]
    }
  },
  "2": {
    "ingress": {
      "preMedian": [
        3072934.5,
        2084243.0,
        1965311.5
      ],
      "preStd": [
        82915.5,
        0.0,
        46986.5
      ],
      "postMedian": [
        2990019.0,
        2188405.0,
        2110870.0
      ],
      "postStd": [
        121315.31217022854,
        244331.31362927172,
        140245.57313655215
      ]
    },
    "egress": {
      "preMedian": [
        1785591.0,
        3994546.0,
        2168717.0
      ],
      "preStd": [
        0.0,
        785552.7418899948,
        123926.20670256755
      ],
      "postMedian": [
        1785591.0,
        2574890.0,
        2059493.0
      ],
      "postStd": [
        170289.68870298634,
        99654.52725736491,
        0.0
      ]
    }
  },
  "3": {
    "ingress": {
      "preMedian": [
        993116.5
      ],
      "preStd": [
        20246.676854062065
      ],
      "postMedian": [
        1114309.5
      ],
      "postStd": [
        111799.1090120432
      ]
    },
    "egress": {
      "preMedian": [
        1574982.0
      ],
      "preStd": [
        66122.49791779564
      ],
      "postMedian": [
        1523859.0
      ],
      "postStd": [
        123425.48865611188
      ]
    }
  },
  "4": {
    "ingress": {
      "preMedian": [
        2028639.0,
        1317150.0,
        1290443.5,
        1041819.5
      ],
      "preStd": [
        80983.05031850115,
        90910.85827089644,
        80778.65911396401,
        37607.168483338406
      ],
      "postMedian": [
        1932099.0,
        1841809.5,
        1274659.0,
        1054316.0
      ],
      "postStd": [
        31485.0,
        695017.4212087691,
        0.0,
        0.0
      ]
    },
    "egress": {
      "preMedian": [
        889808.875,
        1230427.0,
        1539255.0,
        1297143.0
      ],
      "preStd": [
        69352.21392106723,
        133115.65487481176,
        0.0,
        0.0
      ],
      "postMedian": [
        889808.875,
        1201581.1875,
        1633574.0,
        1329495.0
      ],
      "postStd": [
        48918.57183734041,
        188603.8125,
        30727.68272161114,
        66235.41037119042
      ]
    }
  },
  "5": {
    "ingress": {
      "preMedian": [
        954820.375
      ],
      "preStd": [
        31963.759332753518
      ],
      "postMedian": [
        916442.875
      ],
      "postStd": [
        38377.5
      ]
    },
    "egress": {
      "preMedian": [
        972806.0625
      ],
      "preStd": [
        42256.29008013971
      ],
      "postMedian": [
        957763.25
      ],
      "postStd": [
        15042.8125
      ]
    }
  },
  "6": {
    "ingress": {
      "preMedian": [
        2261239.0,
        4364360.5
      ],
      "preStd": [
        410150.14673318114,
        3315321.8428555652
      ],
      "postMedian": [
        1870004.0,
        10943119.0
      ],
      "postStd": [
        477956.7430331838,
        0.0
      ]
    },
    "egress": {
      "preMedian": [
        1886775.0,
        4174698.0
      ],
      "preStd": [
        3580345.4109841743,
        0.0
      ],
      "postMedian": [
        5295397.0,
        4926860.0
      ],
      "postStd": [
        0.0,
        5285677.129355685
      ]
    }
  },
  "7": {
    "ingress": {
      "preMedian": [
        300580.8125,
        260299.75,
        301557.3125
      ],
      "preStd": [
        18853.26327087535,
        9233.370885951388,
        17696.697925769226
      ],
      "postMedian": [
        354393.4375,
        279886.6875,
        317261.75
      ],
      "postStd": [
        0.0,
        0.0,
        16682.254732541875
      ]
    },
    "egress": {
      "preMedian": [
        299789.8125,
        280453.125,
        317261.75
      ],
      "preStd": [
        141322.27289959573,
        9804.713165150117,
        8402.324999999999
      ],
      "postMedian": [
        321045.0,
        280453.125,
        296255.9375
      ],
      "postStd": [
        0.0,
        20335.566069013723,
        0.0
      ]
    }
  },
  "8": {
    "ingress": {
      "preMedian": [
        568289.90625,
        650973.25,
        1097184.09375,
        777806.3125
      ],
      "preStd": [
        54854.21875,
        51213.40431100839,
        425777.63829153916,
        151027.9752727361
      ],
      "postMedian": [
        565636.3125,
        601152.25,
        409773.5,
        879954.875
      ],
      "postStd": [
        97804.85365565326,
        124524.3125,
        0.0,
        0.0
      ]
    },
    "egress": {
      "preMedian": [
        431366.5,
        347379.125,
        1067473.0,
        602224.0625
      ],
      "preStd": [
        0.0,
        34663.58538506223,
        26053.335271956425,
        70433.125
      ],
      "postMedian": [
        431366.5,
        347379.125,
        701244.8125,
        598092.25
      ],
      "postStd": [
        14157.750898482152,
        0.0,
        0.0,
        32287.565053299466
      ]
    }
  },
  "9": {
    "ingress": {
      "preMedian": [
        0.0,
        662441.5,
        601651.375,
        1329526.0
      ],
      "preStd": [
        0.0,
        317600.20516345603,
        121538.46839496918,
        661945.9110845504
      ],
      "postMedian": [
        1031744.625,
        752691.8125,
        553460.5,
        1979007.0
      ],
      "postStd": [
        213967.13087982405,
        0.0,
        0.0,
        161015.89799009153
      ]
    },
    "egress": {
      "preMedian": [
        38209808.0,
        465854.6875,
        799150.6875,
        657726.9375
      ],
      "preStd": [
        0.0,
        97662.21259550207,
        143978.35480203567,
        107630.0
      ],
      "postMedian": [
        783601.0,
        391314.5,
        742516.5,
        44154728.25
      ],
      "postStd": [
        62972.0232018131,
        5690903.032472164,
        85788.4110671596,
        43479399.75
      ]
    }
  }
}