frequency_band,frequency_mhz,n_events,combined_z,mean_z,target,data_col,kind
1,0.45,1976,8.154327025642464,0.18344025884009593,Neptune,rv2_coarse,planet
2,0.7,2026,-16.719892872206692,-0.37146146737761615,Neptune,rv2_coarse,planet
3,0.9,2013,-37.04526082955307,-0.8256781072402049,Neptune,rv2_coarse,planet
4,1.31,2028,-29.769277904767172,-0.6610500235345425,Neptune,rv2_coarse,planet
5,2.2,2045,-19.216208491339387,-0.4249335738583057,Neptune,rv2_coarse,planet
6,3.93,2032,-2.2111243296584453,-0.04905138917626906,Neptune,rv2_coarse,planet
7,4.7,2021,0.34915904589083363,0.007766764579115992,Neptune,rv2_coarse,planet
8,6.55,1989,0.14716868516576542,0.003299879021307303,Neptune,rv2_coarse,planet
9,9.18,1995,-3.240733392070881,-0.07255575306271629,Neptune,rv2_coarse,planet
