{
  "1": {
    "ingress": {
      "preMedian": [
        521839.0,
        1529327.0,
        821815.78125,
        6408820.5
      ],
      "preStd": [
        14792.32030903198,
        179853.89022265328,
        183909.47085968498,
        6408820.5
      ],
      "postMedian": [
        571221.75,
        1445993.0,
        1161370.0,
        11832153.0
      ],
      "postStd": [
        64388.89269487911,
        101294.77603108415,
        0.0,
        526262742.4567799
      ]
    },
    "egress": {
      "preMedian": [
        273434.875,
        0.0,
        2586960.0,
        2975767.0
      ],
      "preStd": [
        17739.894926408106,
        0.0,
        351959.7602911762,
        0.0
      ],
      "postMedian": [
        288971.5,
        3437388.0,
        2305144.0,
        2577870.0
      ],
      "postStd": [
        28877.3775003053,
        146553.95110661467,
        479577.65701732,
        593323.7208149423
      ]
    }
  },
  "2": {
    "ingress": {
      "preMedian": [
        6142046.0,
        3515582.0
      ],
      "preStd": [
        253986.0,
        280518.79561626527
      ],
      "postMedian": [
        5480069.0,
        3605375.0
      ],
      "postStd": [
        426603.3601749522,
        252964.99909708358
      ]
    },
    "egress": {
      "preMedian": [
        7822194.0,
        3038085.0
      ],
      "preStd": [
        288054.0,
        0.0
      ],
      "postMedian": [
        9256244.0,
        3113831.0
      ],
      "postStd": [
        1145996.0,
        623618.1985836767
      ]
    }
  },
  "3": {
    "ingress": {
      "preMedian": [
        2062752.0,
        1466010.0,
        1242842.5,
        1230971.0
      ],
      "preStd": [
        113280.86336868888,
        0.0,
        83272.78991646804,
        63826.647327758335
      ],
      "postMedian": [
        2032893.0,
        1354333.5,
        1226575.0,
        1856074.0
      ],
      "postStd": [
        144133.87364074934,
        91368.13416141806,
        0.0,
        58468.78044821904
      ]
    },
    "egress": {
      "preMedian": [
        1996790.0,
        1650693.0,
        927777.4375,
        1915571.5
      ],
      "preStd": [
        78129.5859980214,
        68316.01169325877,
        0.0,
        95566.69928641462
      ],
      "postMedian": [
        2123558.0,
        2648487.0,
        946502.1875,
        1976022.0
      ],
      "postStd": [
        56194.85063795634,
        142242.49073296756,
        43420.180514965476,
        61375.0
      ]
    }
  },
  "4": {
    "ingress": {
      "preMedian": [
        1636063.0,
        1612175.0,
        3846327.0,
        1518035.0,
        1383353.0
      ],
      "preStd": [
        113108.77702852635,
        93562.14205943556,
        251339.56061360496,
        31889.81381082193,
        83327.0
      ],
      "postMedian": [
        1692151.0,
        1539553.0,
        4077499.5,
        1518035.0,
        1348836.5
      ],
      "postStd": [
        60936.76478325708,
        17709.253632556687,
        79047.5,
        0.0,
        48810.5
      ]
    },
    "egress": {
      "preMedian": [
        1301601.0,
        1695263.0,
        3054342.0,
        2507423.0,
        1379694.0
      ],
      "preStd": [
        26386.86256875232,
        0.0,
        240959.0,
        184111.1121946624,
        58955.1085843076
      ],
      "postMedian": [
        1334102.0,
        1813099.0,
        3167591.0,
        2590740.0,
        1400507.5
      ],
      "postStd": [
        26683.241686288584,
        107483.05916747997,
        55300.05215865533,
        150054.27210253704,
        86483.5
      ]
    }
  },
  "5": {
    "ingress": {
      "preMedian": [
        905107.375,
        998005.1875
      ],
      "preStd": [
        24241.287964055253,
        35137.956846526926
      ],
      "postMedian": [
        952201.5,
        1063288.0
      ],
      "postStd": [
        0.0,
        15792.051446499563
      ]
    },
    "egress": {
      "preMedian": [
        1110610.0,
        890146.625
      ],
      "preStd": [
        0.0,
        0.0
      ],
      "postMedian": [
        967790.6875,
        985865.78125
      ],
      "postStd": [
        56851.33778456207,
        33362.78125
      ]
    }
  },
  "6": {
    "ingress": {
      "preMedian": [
        438269.875,
        652720.6875,
        510304.125
      ],
      "preStd": [
        13101.65620482106,
        0.0,
        16019.265706870787
      ],
      "postMedian": [
        438269.875,
        629376.9375,
        530298.4375
      ],
      "postStd": [
        18222.347990655177,
        67685.00346580647,
        8997.922755438713
      ]
    },
    "egress": {
      "preMedian": [
        486989.0,
        552302.59375,
        530298.4375
      ],
      "preStd": [
        24539.125,
        81532.23376433727,
        37041.85771804974
      ],
      "postMedian": [
        474410.34375,
        682327.21875,
        507482.5
      ],
      "postStd": [
        19392.26542136342,
        77723.59375,
        16988.24619300903
      ]
    }
  },
  "7": {
    "ingress": {
      "preMedian": [
        372760.53125
      ],
      "preStd": [
        39750.455140488346
      ],
      "postMedian": [
        430319.9375
      ],
      "postStd": [
        18919.260649079617
      ]
    },
    "egress": {
      "preMedian": [
        391904.5625
      ],
      "preStd": [
        0.0
      ],
      "postMedian": [
        391904.5625
      ],
      "postStd": [
        16870.80176676474
      ]
    }
  },
  "8": {
    "ingress": {
      "preMedian": [
        492467.8125,
        1797729.0,
        1097184.09375
      ],
      "preStd": [
        69155.81249681489,
        4362262.028776449,
        425777.63829153916
      ],
      "postMedian": [
        449708.375,
        1427510.6875,
        409773.5
      ],
      "postStd": [
        51142.66565122356,
        1134951.3125,
        0.0
      ]
    },
    "egress": {
      "preMedian": [
        1049205.0,
        446920.3125,
        649097.1875
      ],
      "preStd": [
        0.0,
        0.0,
        34703.0
      ],
      "postMedian": [
        847021.0625,
        518753.1875,
        936001.09375
      ],
      "postStd": [
        134691.3063041886,
        79181.01304785245,
        239528.5170286567
      ]
    }
  },
  "9": {
    "ingress": {
      "preMedian": [
        406101.375
      ],
      "preStd": [
        67160.74172329738
      ],
      "postMedian": [
        406101.375
      ],
      "postStd": [
        0.0
      ]
    },
    "egress": {
      "preMedian": [
        346877.53125
      ],
      "preStd": [
        81696.0062323966
      ],
      "postMedian": [
        338979.1875
      ],
      "postStd": [
        158403.17748457062
      ]
    }
  }
}