{
  "1": {
    "ingress": {
      "preMedian": [
        196605584.0,
        12008469.0,
        2016212.0,
        204939.25,
        53355120.0,
        16489850.0,
        1970080.0,
        1530895.0
      ],
      "preStd": [
        0.0,
        6779369.259276315,
        160417.00754665083,
        0.0,
        23568768.689642906,
        93963723.39762826,
        411080.750633687,
        21098.0
      ],
      "postMedian": [
        161662464.0,
        7018372.0,
        2573589.0,
        178774.8125,
        38216584.0,
        14548202.5,
        1422039.0,
        1468741.0
      ],
      "postStd": [
        26157012.954865385,
        254031.41097291274,
        575887.3862279049,
        15827.013435072962,
        703480.0,
        1030812.7551080749,
        126499.10286737214,
        44987.81170672786
      ]
    },
    "egress": {
      "preMedian": [
        38732872.0,
        2046235.0,
        335750.5625,
        533309.0,
        40593968.0,
        1015436.0625,
        2383206.0,
        5973423.0
      ],
      "preStd": [
        6035816.0,
        0.0,
        13368.707867758454,
        54993.22342415112,
        9774640.0,
        55773.16709697583,
        449871.0337869732,
        7888894.028486724
      ],
      "postMedian": [
        42047952.0,
        3829877.0,
        358363.25,
        1140454.5,
        18077229.0,
        967790.6875,
        2293376.0,
        5128718.5
      ],
      "postStd": [
        36057445.63488513,
        2300861.4315380747,
        6659.0,
        65192.67423328713,
        16120135.71176976,
        0.0,
        0.0,
        808052.5
      ]
    }
  },
  "2": {
    "ingress": {
      "preMedian": [
        3515582.0,
        1845831.0,
        5900747.0
      ],
      "preStd": [
        397892.276451247,
        96718.45400956324,
        422650.3747472608
      ],
      "postMedian": [
        2476282.0,
        1894760.5,
        5489092.0
      ],
      "postStd": [
        277912.5439468323,
        48929.5,
        0.0
      ]
    },
    "egress": {
      "preMedian": [
        88774080.0,
        2908190.0,
        6853197.0
      ],
      "preStd": [
        10167396.01139529,
        0.0,
        373685.9823101504
      ],
      "postMedian": [
        215872992.0,
        3466056.0,
        6416737.0
      ],
      "postStd": [
        32216939.35079583,
        428250.9057881839,
        0.0
      ]
    }
  },
  "3": {
    "ingress": {
      "preMedian": [
        1418528.5,
        1367129.0,
        2150451.0,
        1170849.0,
        2156295.5,
        2952418.0,
        1547080.0,
        1516951.0,
        1196903.0
      ],
      "preStd": [
        96828.23876328641,
        0.0,
        88635.3416756498,
        58297.60027994291,
        80041.5,
        0.0,
        56252.99140490219,
        47199.47820643783,
        50563.38510116672
      ],
      "postMedian": [
        1715184.0,
        1349925.0,
        2879903.0,
        1242400.5,
        2151253.0,
        3620206.0,
        1346368.0,
        1539594.5,
        1077484.0
      ],
      "postStd": [
        0.0,
        26678.03717584102,
        319649.6598279473,
        14712.5,
        85132.52617513473,
        1063404.8630124761,
        119549.54332069821,
        22643.5,
        0.0
      ]
    },
    "egress": {
      "preMedian": [
        2246732.0,
        1090146.0,
        2717794.0,
        2155792.5,
        9704095.0,
        3009783.0,
        3068908.0,
        2513933.0,
        2279282.5
      ],
      "preStd": [
        43879.0,
        24616.94666662582,
        162109.0,
        140531.5,
        0.0,
        0.0,
        105668.18718464364,
        0.0,
        107033.45913398996
      ],
      "postMedian": [
        2290611.0,
        1254790.0,
        2510907.5,
        2296324.0,
        10863223.0,
        2884188.0,
        2702288.0,
        2513933.0,
        2436708.5
      ],
      "postStd": [
        107299.68150348816,
        15814.0,
        120762.26119606862,
        137312.4203222345,
        757939.3350636646,
        219572.3881305662,
        185390.62658853305,
        98237.76303642098,
        40679.5
      ]
    }
  },
  "4": {
    "ingress": {
      "preMedian": [
        1144328.0,
        960236.8125,
        1086841.0,
        1941983.0,
        99875360.0,
        1209563.0,
        1174722.0,
        1358327.0,
        1286884.0,
        1300026.0,
        1848598.0,
        1534254.0
      ],
      "preStd": [
        39931.08710250073,
        21462.125,
        39599.86536452982,
        142648.0588096452,
        0.0,
        15008.0,
        83607.81106264832,
        32820.0,
        14869.512799311513,
        87556.80084744988,
        0.0,
        54507.18771562762
      ],
      "postMedian": [
        1089258.0,
        1003889.1875,
        1114494.5,
        1880292.5,
        70611704.0,
        1224571.0,
        1202564.0,
        1391147.0,
        1350799.0,
        1334645.5,
        2069838.5,
        1535768.5
      ],
      "postStd": [
        68516.66226029744,
        24276.345050776796,
        36275.49994400491,
        132218.5,
        14734397.610341622,
        50210.35816110722,
        13896.062463878032,
        41145.07823008725,
        60900.693667539614,
        97148.5,
        150297.06674191024,
        65934.57080507919
      ]
    },
    "egress": {
      "preMedian": [
        1692982.0,
        1857450.5,
        2028639.0,
        2934806.0,
        18406144.0,
        2202195.0,
        2085597.0,
        2630364.0,
        2082303.0,
        2639524.0,
        2811468.0,
        1225366.0
      ],
      "preStd": [
        25970.61785941952,
        71396.5,
        0.0,
        0.0,
        0.0,
        146507.0,
        179101.46983117558,
        0.0,
        110519.47306102893,
        0.0,
        157689.39170483217,
        68700.13071137492
      ],
      "postMedian": [
        1873930.0,
        1614241.0,
        2028639.0,
        2821065.0,
        18406144.0,
        2091534.5,
        1907956.5,
        2335508.5,
        1937048.0,
        2382808.0,
        3042756.0,
        1201999.0
      ],
      "postStd": [
        105079.27563617015,
        45219.949471306354,
        78067.49562423531,
        173475.7900556732,
        668879.6,
        88505.30874861406,
        34026.5,
        174449.97765978647,
        107584.0,
        184792.528875385,
        0.0,
        49103.93401755098
      ]
    }
  },
  "5": {
    "ingress": {
      "preMedian": [
        4609376.0,
        5271538.0,
        5890114.0,
        5668932.0
      ],
      "preStd": [
        220440.77782606377,
        367634.90605146874,
        256955.0,
        0.0
      ],
      "postMedian": [
        4232804.0,
        5271538.0,
        5633159.0,
        5927717.0
      ],
      "postStd": [
        376572.0,
        0.0,
        498287.8469385341,
        762198.0436807782
      ]
    },
    "egress": {
      "preMedian": [
        5231149.0,
        6280995.0,
        5668932.0,
        8134019.5
      ],
      "preStd": [
        205154.48995330324,
        614057.676392228,
        0.0,
        374311.5
      ],
      "postMedian": [
        4688520.0,
        5782148.0,
        6186502.0,
        7848218.0
      ],
      "postStd": [
        156224.0,
        0.0,
        393426.0933474545,
        660113.0
      ]
    }
  },
  "6": {
    "ingress": {
      "preMedian": [
        460187.625,
        9441633.5,
        420784.40625,
        437537.53125,
        508061.1875,
        472931.875,
        467889.84375,
        478233.875,
        494524.5,
        3240251.0
      ],
      "preStd": [
        15279.26204837524,
        3148376.1794492174,
        17281.09375,
        15930.09375,
        9133.226888065843,
        7785.270683789552,
        29619.96875,
        18773.0073965042,
        0.0,
        33080166.019139566
      ],