frequency_band,frequency_mhz,n_events,combined_z,mean_z,target,data_col,kind
1,0.45,1947,-0.7198118781361043,-0.016313082525451498,Saturn,rv2_coarse,planet
2,0.7,1964,-12.59005862884077,-0.2840906960161793,Saturn,rv2_coarse,planet
3,0.9,1958,-21.652515093270754,-0.48933018459192457,Saturn,rv2_coarse,planet
4,1.31,1962,5.833649513392481,0.1317015334260805,Saturn,rv2_coarse,planet
5,2.2,1994,8.656594657723417,0.19385834702223528,Saturn,rv2_coarse,planet
6,3.93,1984,4.595012246659351,0.10316107029724778,Saturn,rv2_coarse,planet
7,4.7,1966,2.8253097676136996,0.06371978682040717,Saturn,rv2_coarse,planet
8,6.55,1950,-3.593178231093783,-0.08136946381311587,Saturn,rv2_coarse,planet
9,9.18,1954,-3.3602144902518947,-0.07601594880767734,Saturn,rv2_coarse,planet
