frequency_band,frequency_mhz,n_events,combined_z,mean_z,target,data_col,kind
1,0.45,2,-19.545876185950434,-13.821021595318204,Fornax-A,rv2_coarse,fixed
2,0.7,1,-8.795638253351653,-8.795638253351653,Fornax-A,rv2_coarse,fixed
3,0.9,1,-10.393024482638872,-10.393024482638872,Fornax-A,rv2_coarse,fixed
4,1.31,1,21.93444500683064,21.93444500683064,Fornax-A,rv2_coarse,fixed
5,2.2,2,8.59338941729448,6.076443930345642,Fornax-A,rv2_coarse,fixed
6,3.93,2,3.693227642882608,2.611506310747901,Fornax-A,rv2_coarse,fixed
7,4.7,2,4.357768715233969,3.0814078093845287,Fornax-A,rv2_coarse,fixed
8,6.55,2,-2.2213959164408257,-1.5707641162154133,Fornax-A,rv2_coarse,fixed
9,9.18,2,-6.698119908686761,-4.736286008633027,Fornax-A,rv2_coarse,fixed
