{
  "1": {
    "ingress": {
      "preMedian": [
        99119296.0,
        216769.4375,
        848052.375,
        724256.5
      ],
      "preStd": [
        75171703.39453639,
        111295.4465414555,
        0.0,
        213541.9375
      ],
      "postMedian": [
        107559744.0,
        225143.15625,
        774599.4375,
        601760.1875
      ],
      "postStd": [
        950715562.2073466,
        8373.71875,
        36692.01363202813,
        60382.80139868057
      ]
    },
    "egress": {
      "preMedian": [
        219880216.0,
        679636.6875,
        0.0,
        464361.6875
      ],
      "preStd": [
        20169400.0,
        0.0,
        0.0,
        10006.04630062806
      ],
      "postMedian": [
        241438528.0,
        687572.1875,
        173036.5625,
        449007.46875
      ],
      "postStd": [
        106892951.39608815,
        40581.63741332383,
        9208.397408666586,
        15354.21875
      ]
    }
  },
  "2": {
    "ingress": {
      "preMedian": [
        4438178.0,
        8141222.0
      ],
      "preStd": [
        354725.7981890926,
        441426.3379887282
      ],
      "postMedian": [
        4868416.0,
        7562913.0
      ],
      "postStd": [
        0.0,
        0.0
      ]
    },
    "egress": {
      "preMedian": [
        2084651.0,
        7274162.5
      ],
      "preStd": [
        119928.57226074193,
        479143.09068918804
      ],
      "postMedian": [
        2251689.5,
        6701074.5
      ],
      "postStd": [
        57598.5,
        284337.5
      ]
    }
  },
  "3": {
    "ingress": {
      "preMedian": [
        1541044.5,
        1167851.5,
        2326435.0,
        2746914.0
      ],
      "preStd": [
        20483.5,
        42248.28296732898,
        222922.54128689083,
        18803109.543588776
      ],
      "postMedian": [
        1603595.0,
        1124717.0,
        4873145.0,
        20809306.0
      ],
      "postStd": [
        60222.1750201701,
        67836.56169244925,
        0.0,
        16383478.0
      ]
    },
    "egress": {
      "preMedian": [
        1684793.5,
        1182471.0,
        2140834.0,
        1976560.0
      ],
      "preStd": [
        58248.49967327485,
        58968.00272825933,
        112437.0,
        138784.25036252313
      ],
      "postMedian": [
        1609436.0,
        1129303.0,
        2060790.0,
        2056370.0
      ],
      "postStd": [
        101396.0,
        63714.386429446495,
        57477.2965629691,
        41073.0
      ]
    }
  },
  "4": {
    "ingress": {
      "preMedian": [
        1133128.0,
        1305037.0
      ],
      "preStd": [
        70911.55699120382,
        65543.55748830103
      ],
      "postMedian": [
        1105422.0,
        1288885.5
      ],
      "postStd": [
        21965.938546354493,
        26944.185303836894
      ]
    },
    "egress": {
      "preMedian": [
        1396589.5,
        1402724.0
      ],
      "preStd": [
        16895.5,
        84745.6655434365
      ],
      "postMedian": [
        1450238.0,
        1368919.0
      ],
      "postStd": [
        70946.24759765311,
        0.0
      ]
    }
  },
  "5": {
    "ingress": {
      "preMedian": [
        4213224.5,
        4397723.0,
        4238071.5,
        4338665.0,
        4666283.0
      ],
      "preStd": [
        125440.5,
        473954.91888153245,
        137613.5,
        314577.19340975047,
        288207.0
      ],
      "postMedian": [
        4087784.0,
        4397723.0,
        4100458.0,
        3979636.0,
        4378076.0
      ],
      "postStd": [
        389541.8494085926,
        0.0,
        183377.20808366564,
        247577.02921868578,
        111725.6
      ]
    },
    "egress": {
      "preMedian": [
        5001634.5,
        5770948.0,
        5221356.5,
        4886520.0,
        4629902.0
      ],
      "preStd": [
        484099.1966360691,
        613393.48313069,
        619188.5,
        0.0,
        331792.4540566889
      ],
      "postMedian": [
        5150184.5,
        4914734.0,
        4602168.0,
        5081861.0,
        4346525.0
      ],
      "postStd": [
        195694.5,
        0.0,
        226427.88435655955,
        638097.983597151,
        0.0
      ]
    }
  },
  "6": {
    "ingress": {
      "preMedian": [
        391542.03125,
        438243.5,
        401646.34375,
        382584.125,
        492732.8125
      ],
      "preStd": [
        15171.63127166487,
        8231.977412379114,
        17899.46875,
        14667.575,
        8982.52475532546
      ],
      "postMedian": [
        400499.9375,
        438243.5,
        401248.4375,
        400499.9375,
        492732.8125
      ],
      "postStd": [
        14971.3319090546,
        15200.964488514419,
        13438.620404942056,
        0.0,
        8584.124992192961
      ]
    },
    "egress": {
      "preMedian": [
        407798.84375,
        420814.5,
        364709.46875,
        362413.0625,
        481678.1875
      ],
      "preStd": [
        10280.34375,
        20728.396169126547,
        9832.40625,
        0.0,
        9169.099999999999
      ],
      "postMedian": [
        428892.5,
        450559.3125,
        364709.46875,
        362413.0625,
        459796.8125
      ],
      "postStd": [
        17531.582858157766,
        18088.906752394578,
        16717.791811589952,
        15699.905352023623,
        0.0
      ]
    }
  },
  "7": {
    "ingress": {
      "preMedian": [
        319778.4375,
        349908.375,
        425176.375,
        427067.1875,
        302401.21875
      ],
      "preStd": [
        0.0,
        31882.66180956929,
        33861.636239534804,
        50364.1875,
        21190.15625
      ],
      "postMedian": [
        367435.53125,
        364135.40625,
        468647.75,
        407665.9375,
        281211.0625
      ],
      "postStd": [
        33091.460179706286,
        24966.99969571162,
        0.0,
        20395.917412154755,
        14860.561840646791
      ]
    },
    "egress": {
      "preMedian": [
        416676.875,
        372760.53125,
        339219.75,
        494174.6875,
        300643.625
      ],
      "preStd": [
        0.0,
        17425.59375,
        52806.72381878456,
        0.0,
        19801.75811029793
      ],
      "postMedian": [
        379838.625,
        390186.125,
        312817.65625,
        453414.875,
        279319.25
      ],
      "postStd": [
        35853.88472937765,
        28836.372629336875,
        35081.28125,
        27645.435231223604,
        0.0
      ]
    }
  },
  "8": {
    "ingress": {
      "preMedian": [
        1335009.5,
        1164654.0,
        1362208.0,
        568673.78125,
        617469.8125,
        1097184.09375
      ],
      "preStd": [
        115095.5,
        314950.74031426077,
        171046.8303173213,
        34205.40625,
        111758.46318621551,
        425777.63829153916
      ],
      "postMedian": [
        2127442.0,
        1276198.0,
        1197026.0,
        534468.375,
        622636.40625,
        409773.5
      ],
      "postStd": [
        858308.5391631307,
        132449.0,
        0.0,
        129940.67792516778,
        80060.40625,
        0.0
      ]
    },
    "egress": {
      "preMedian": [
        791798.6875,
        1453931.0,
        591000.65625,
        476627.9375,
        348382.0625,
        1067473.0
      ],
      "preStd": [
        255630.17250631077,
        549897.6351751018,
        104988.7368417405,
        0.0,
        27464.144643419855,
        17509.37811574129
      ],
      "postMedian": [
        528817.1875,
        630229.875,
        598295.875,
        405930.25,
        375513.625,
        771159.875
      ],
      "postStd": [
        114209.4375,
        0.0,
        147222.33547427095,
        28141.851566616937,
        0.0,
        69915.0625
      ]
    }
  },
  "9": {
    "ingress": {
      "preMedian": [
        801451.0625,
        462322.125
      ],