frequency_band,frequency_mhz,n_events,combined_z,mean_z,target,data_col,kind
1,0.45,817,-12.981905323555571,-0.45417937595666147,Jupiter,rv2_coarse,planet
2,0.7,821,-7.146462476334894,-0.24941326013444512,Jupiter,rv2_coarse,planet
3,0.9,817,1.9196537646163163,0.06716018389722023,Jupiter,rv2_coarse,planet
4,1.31,829,-0.6709913305290349,-0.0233044921725908,Jupiter,rv2_coarse,planet
5,2.2,842,-2.0850528290159653,-0.0718556657340595,Jupiter,rv2_coarse,planet
6,3.93,837,-2.002534309485582,-0.0692177115325632,Jupiter,rv2_coarse,planet
7,4.7,829,1.394435771809091,0.04843075618232505,Jupiter,rv2_coarse,planet
8,6.55,822,-1.8706722218425627,-0.06524718637904053,Jupiter,rv2_coarse,planet
9,9.18,813,-4.506757051423844,-0.15805887050195078,Jupiter,rv2_coarse,planet
