frequency_band,frequency_mhz,n_events,combined_z,mean_z,target,data_col,kind
1,0.45,2545,40.014644734660415,0.793186058299676,Earth,rv2_coarse,earth
2,0.7,2541,11.475277988593184,0.22764645023112062,Earth,rv2_coarse,earth
3,0.9,2544,1.062185447801636,0.02105919634264561,Earth,rv2_coarse,earth
4,1.31,2579,-6.417729786280049,-0.1263734251272983,Earth,rv2_coarse,earth
5,2.2,2600,-7.918518838862671,-0.15529493106966477,Earth,rv2_coarse,earth
6,3.93,2590,49.86957288864463,0.9799090455183793,Earth,rv2_coarse,earth
7,4.7,2574,32.642465876021944,0.6433964902714135,Earth,rv2_coarse,earth
8,6.55,2567,15.36213082928439,0.30320651242427166,Earth,rv2_coarse,earth
9,9.18,2552,53.16942276256838,1.0524988024670818,Earth,rv2_coarse,earth
