frequency_band,frequency_mhz,n_events,combined_z,mean_z,target,data_col,kind
1,0.45,2051,1.166251603101505,0.025751908675994632,Sag-A,rv2_coarse,fixed
2,0.7,2072,-23.564378450311803,-0.5176796741739594,Sag-A,rv2_coarse,fixed
3,0.9,2048,-54.54585201179788,-1.2053044325981301,Sag-A,rv2_coarse,fixed
4,1.31,2064,-56.943328476765046,-1.2533951291641372,Sag-A,rv2_coarse,fixed
5,2.2,2097,-32.134600529171166,-0.7017358921704323,Sag-A,rv2_coarse,fixed
6,3.93,2092,-3.2587943201039096,-0.07124856316937575,Sag-A,rv2_coarse,fixed
7,4.7,2084,0.014229053800672865,0.0003116930826391368,Sag-A,rv2_coarse,fixed
8,6.55,2082,1.852180928018568,0.04059224259088211,Sag-A,rv2_coarse,fixed
9,9.18,2085,-2.41115851457822,-0.05280471866142962,Sag-A,rv2_coarse,fixed
