{
  "1": {
    "ingress": {
      "preMedian": [
        342926.9375,
        1990806.0,
        510543.09375,
        1742063.0,
        1352224.0,
        873168.125,
        929480.5,
        1324430.0,
        1042954.90625
      ],
      "preStd": [
        30528.552480003138,
        722115.0335781688,
        31739.88430766971,
        399787.37450135604,
        0.0,
        190444.87798570545,
        0.0,
        0.0,
        61780.09375
      ],
      "postMedian": [
        314205.09375,
        3028486.5,
        515011.8125,
        1398621.0,
        1787522.5,
        1047197.9375,
        1013357.8125,
        896133.46875,
        1228322.5
      ],
      "postStd": [
        17708.301636040873,
        261297.5,
        16746.153024676085,
        499919.1866498691,
        271305.5363495494,
        138696.46881120943,
        53860.46673762565,
        281685.14449676545,
        96107.5
      ]
    },
    "egress": {
      "preMedian": [
        295820.3125,
        1831840.0,
        726820.0625,
        843700.34375,
        29359136.0,
        1451915.0,
        481414.09375,
        1453200.0,
        3005119.0
      ],
      "preStd": [
        24462.42506835384,
        756862.5855469994,
        52935.24578448713,
        30837.68334151945,
        0.0,
        299134.33306385204,
        13395.245039589769,
        223303.81303996468,
        0.0
      ],
      "postMedian": [
        251935.5625,
        1831840.0,
        788550.25,
        870111.25,
        29359136.0,
        2014018.0,
        507109.0,
        1669347.0,
        3439260.0
      ],
      "postStd": [
        28676.31482392876,
        102580.45215125324,
        0.0,
        0.0,
        11671500.864199264,
        899245.9563926156,
        18772.1875,
        105891.0,
        636660.479764089
      ]
    }
  },
  "2": {
    "ingress": {
      "preMedian": [
        4143791.0,
        22560225.0,
        6955392.0,
        2940857.0,
        210064704.0,
        3515582.0,
        1941963.0
      ],
      "preStd": [
        0.0,
        200814637.76984048,
        0.0,
        83701.0,
        126800040.78272152,
        156956.71985685168,
        0.0
      ],
      "postMedian": [
        4143791.0,
        9716880.0,
        9549037.5,
        2857156.0,
        138436992.0,
        3324061.0,
        1855540.0
      ],
      "postStd": [
        256146.36713251958,
        2539954.0,
        2707339.407921533,
        171325.27594421085,
        104592136.5838291,
        82931.02567909974,
        132949.9983836864
      ]
    },
    "egress": {
      "preMedian": [
        10355205.0,
        2113058.0,
        2052188.0,
        2519549.0,
        6992944.0,
        2745100.0,
        60143664.0
      ],
      "preStd": [
        0.0,
        106699.0,
        0.0,
        55916.11863814901,
        839997.6012156225,
        119778.16736367275,
        6583575.449555003
      ],
      "postMedian": [
        8398933.5,
        2110119.0,
        2343896.0,
        2640997.0,
        7572534.0,
        3057354.0,
        62491824.0
      ],
      "postStd": [
        309264.5,
        0.0,
        113561.64313781304,
        70473.56164469686,
        273221.34620527405,
        85611.0,
        0.0
      ]
    }
  },
  "3": {
    "ingress": {
      "preMedian": [
        1568733.5,
        1914929.0,
        1658861.0,
        1937533.0,
        1196062.0,
        754059.8125
      ],
      "preStd": [
        44117.5,
        158972.6243030716,
        0.0,
        0.0,
        69084.50727349962,
        0.0
      ],
      "postMedian": [
        1568115.0,
        1985588.0,
        1682520.0,
        2001629.0,
        1180806.0,
        822656.90625
      ],
      "postStd": [
        50867.7261044761,
        0.0,
        116751.82197353021,
        65309.67465054469,
        0.0,
        56449.66711001578
      ]
    },
    "egress": {
      "preMedian": [
        1907484.0,
        1737162.0,
        1594567.0,
        1326907.0,
        1112298.0,
        1596451.5
      ],
      "preStd": [
        170689.0,
        102955.0,
        0.0,
        57888.60306485207,
        47270.69254364225,
        24965.5
      ],
      "postMedian": [
        1864587.0,
        1770131.5,
        1698770.0,
        1615766.0,
        1141609.0,
        1571486.0
      ],
      "postStd": [
        122586.3186197791,
        89557.79195685599,
        145117.916497447,
        119961.88989348378,
        67057.60723603416,
        81132.57152066336
      ]
    }
  },
  "4": {
    "ingress": {
      "preMedian": [
        1829464.0,
        2348702.0,
        1273303.0,
        2359445.0,
        2526053.0,
        2382285.0,
        1352497.0,
        1229328.0
      ],
      "preStd": [
        106309.73578034845,
        101244.33050477444,
        45048.719945743185,
        0.0,
        95270.71538876729,
        86551.97640262179,
        16119.677588449329,
        27337.077870032528
      ],
      "postMedian": [
        1829464.0,
        2199930.5,
        1204104.0,
        2140187.0,
        2608471.0,
        2272459.0,
        1352497.0,
        1201999.0
      ],
      "postStd": [
        66357.72877367037,
        72549.5,
        46862.3407107337,
        98549.26367659985,
        151038.82899072306,
        35836.0,
        80865.50766666527,
        0.0
      ]
    },
    "egress": {
      "preMedian": [
        1391554.0,
        1849834.0,
        1003703.75,
        2803810.0,
        2702507.0,
        2367038.0,
        1527413.0,
        1583319.0
      ],
      "preStd": [
        33622.0,
        30865.0,
        65872.25,
        231903.6441623115,
        84709.97817258602,
        110159.25395648793,
        40131.0,
        88219.81366994142
      ],
      "postMedian": [
        1425536.5,
        1849834.0,
        938070.21875,
        2916856.0,
        2605540.0,
        2525738.5,
        1470749.0,
        1551928.0
      ],
      "postStd": [
        34389.5,
        106603.58880069423,
        33401.53328281968,
        0.0,
        45710.68216754397,
        81267.5,
        113474.33523130903,
        44134.211148354065
      ]
    }
  },
  "5": {
    "ingress": {
      "preMedian": [
        4022521.0,
        5265851.0,
        4827124.0,
        4135221.5,
        3555666.0,
        3848135.0,
        1149114.0
      ],
      "preStd": [
        0.0,
        184113.16385370772,
        177438.0,
        283505.5718803204,
        195919.01867239832,
        208190.0,
        0.0
      ],
      "postMedian": [
        4155577.0,
        5310087.5,
        5004562.0,
        4009576.0,
        3656695.5,
        4056325.0,
        1132864.5
      ],
      "postStd": [
        253814.72264538863,
        594868.272555099,
        433885.32721151103,
        275278.62154834246,
        171886.00585926126,
        350276.71006597055,
        71395.26786469058
      ]
    },
    "egress": {
      "preMedian": [
        4245773.0,
        4875288.0,
        6190468.0,
        4869670.0,
        4875288.0,
        5500676.5,
        1252017.0
      ],
      "preStd": [
        0.0,
        249640.63998525962,
        0.0,
        0.0,
        0.0,
        485626.8782282211,
        50367.04507751075
      ],
      "postMedian": [
        4531786.0,
        5265851.0,
        6190468.0,
        4869670.0,
        4268582.0,
        4555115.0,
        1178604.0
      ],
      "postStd": [
        369019.868953963,
        0.0,
        227897.2,
        268483.11522894696,
        206240.50877109473,
        0.0,
        0.0
      ]
    }
  },
  "6": {
    "ingress": {
      "preMedian": [
        438474.6875,
        421018.0,
        417656.0,
        490279.53125,
        417787.0625,
        480950.1875,
        1327542.5,
        539446.9375,
        512149.125,
        501675.375,
        707217.375
      ],