frequency_band,frequency_mhz,n_events,combined_z,mean_z,target,data_col,kind
1,0.45,645,-12.897895307510455,-0.5078541317821658,Earth,rv2_coarse,earth
2,0.7,647,-8.582925579025378,-0.3374296228531321,Earth,rv2_coarse,earth
3,0.9,645,-4.927671334381842,-0.19402686931201302,Earth,rv2_coarse,earth
4,1.31,649,5.861685272317296,0.23009127361480897,Earth,rv2_coarse,earth
5,2.2,657,6.324098140617831,0.24672656711960908,Earth,rv2_coarse,earth
6,3.93,659,1.8326883385970592,0.07139140172604247,Earth,rv2_coarse,earth
7,4.7,651,4.384802963253305,0.17185397753710133,Earth,rv2_coarse,earth
8,6.55,645,-4.869663819030881,-0.19174282562557926,Earth,rv2_coarse,earth
9,9.18,639,-8.14865749058461,-0.3223559082909922,Earth,rv2_coarse,earth
