{
  "1": {
    "ingress": {
      "preMedian": [
        548342912.0,
        415284608.0,
        744961.78125,
        1963161.0,
        978414.625,
        848220.90625,
        1285105.0,
        637013.3125,
        25354712.0
      ],
      "preStd": [
        89498748.15785258,
        56467679.228470534,
        188739.96147241563,
        0.0,
        41296.67838865418,
        124687.21875,
        82521.54578048087,
        64446.587138157105,
        5640878.178697954
      ],
      "postMedian": [
        536783104.0,
        373501952.0,
        2340795.0,
        1787522.5,
        978414.625,
        723533.6875,
        1048539.84375,
        554050.875,
        26976832.0
      ],
      "postStd": [
        21923600210.952312,
        0.0,
        0.0,
        94159.42445660976,
        0.0,
        145154.58734652193,
        154057.9611448945,
        27103.595850551443,
        8331407.611512154
      ]
    },
    "egress": {
      "preMedian": [
        189747152.0,
        0.0,
        372619520.0,
        2678156.0,
        430574336.0,
        1085843.625,
        3282169.0,
        1940138.0,
        11412430.0
      ],
      "preStd": [
        98144584.21569498,
        0.0,
        0.0,
        1230218.640362761,
        0.0,
        224261.375,
        667167.6978299291,
        793669.5138261517,
        0.0
      ],
      "postMedian": [
        317863680.0,
        16664215552.0,
        1638426.5,
        651742.25,
        1038440960.0,
        827172.9375,
        1942754.5,
        2346750.0,
        235073552.0
      ],
      "postStd": [
        0.0,
        7855586546.649017,
        2571914.8895897586,
        36906.351768343244,
        572938714.5580527,
        331307.7575670014,
        657654.5,
        0.0,
        1152848102.6684685
      ]
    }
  },
  "2": {
    "ingress": {
      "preMedian": [
        59575664.0,
        5864593.5,
        2413383.0,
        3137829.0,
        7582152.0,
        5488176.0,
        1905065.0,
        1812599.0,
        1918325.0
      ],
      "preStd": [
        1790969.558856878,
        1727203.5,
        139889.27715589927,
        216675.75513919155,
        0.0,
        415279.5037677101,
        0.0,
        162410.2582526347,
        250328.34192188465
      ],
      "postMedian": [
        63073312.0,
        2786949.0,
        2589522.0,
        3321352.0,
        6425041.0,
        4888118.0,
        1905065.0,
        1891890.0,
        2014597.5
      ],
      "postStd": [
        1235426.7981998052,
        194786.18385542647,
        60555.0,
        0.0,
        567580.6564368187,
        0.0,
        46004.84665510798,
        44242.2570852799,
        96272.5
      ]
    },
    "egress": {
      "preMedian": [
        58517400.0,
        2986275.0,
        2228626.0,
        2524119.0,
        3914752.0,
        5480069.0,
        1731582.0,
        1875662.0,
        3010595.0
      ],
      "preStd": [
        3450771.81381557,
        477500.33476381516,
        81462.19425328537,
        211544.1813380836,
        280639.1908009999,
        0.0,
        79052.72374023554,
        42663.0,
        72872.53925100242
      ],
      "postMedian": [
        63183864.0,
        2427780.0,
        2124303.0,
        2773305.0,
        3914752.0,
        5156534.0,
        1733374.0,
        1755525.0,
        2709353.0
      ],
      "postStd": [
        2510184.0,
        149094.8361703606,
        0.0,
        337608.70458982,
        0.0,
        222079.9228616806,
        78940.0,
        32125.645366085642,
        69134.30140112955
      ]
    }
  },
  "3": {
    "ingress": {
      "preMedian": [
        6408512.0,
        1059115.6875
      ],
      "preStd": [
        156472.83118164635,
        20907.221128807563
      ],
      "postMedian": [
        6760757.0,
        1046370.375
      ],
      "postStd": [
        390136.6688747515,
        102888.27287719389
      ]
    },
    "egress": {
      "preMedian": [
        5516643.0,
        1252027.0
      ],
      "preStd": [
        364246.03247103305,
        30915.0
      ],
      "postMedian": [
        5223970.0,
        1346368.0
      ],
      "postStd": [
        135975.2198086107,
        48310.17773914209
      ]
    }
  },
  "4": {
    "ingress": {
      "preMedian": [
        1430653.0,
        1241097.0,
        1298169.0,
        1589441.5,
        1426195.0
      ],
      "preStd": [
        0.0,
        0.0,
        51971.19808979671,
        73569.5,
        28039.571850432305
      ],
      "postMedian": [
        1363046.0,
        1403141.0,
        1221612.0,
        1563411.0,
        1392669.0
      ],
      "postStd": [
        75456.59340677629,
        117534.37207437093,
        72144.30606906896,
        43187.99920626099,
        71245.59025652045
      ]
    },
    "egress": {
      "preMedian": [
        2928811.0,
        2142429.0,
        1718094.0,
        1831377.0,
        1458571.0
      ],
      "preStd": [
        0.0,
        67674.83300476051,
        64989.81398842437,
        0.0,
        0.0
      ],
      "postMedian": [
        2526053.0,
        2213044.0,
        1718094.0,
        1473470.0,
        1494021.0
      ],
      "postStd": [
        169557.93959989017,
        151433.62863864377,
        29052.0,
        111773.24079510265,
        104698.09495497041
      ]
    }
  },
  "5": {
    "ingress": {
      "preMedian": [
        5785882.0,
        5597584.0,
        1039702.8125,
        832524.875,
        936732.0625,
        982444.0625,
        851805.25,
        1221820.0,
        885261.875
      ],
      "preStd": [
        0.0,
        221715.07417007082,
        75998.80111267176,
        31840.086875485085,
        0.0,
        15561.125,
        0.0,
        95486.56045183883,
        22600.458551936783
      ],
      "postMedian": [
        5557255.5,
        5145010.0,
        1042781.625,
        853983.5,
        923276.6875,
        936732.0625,
        877356.375,
        1015624.875,
        933204.6875
      ],
      "postStd": [
        489453.01103873993,
        0.0,
        59736.375,
        0.0,
        46325.174277482045,
        44726.21284556951,
        21445.598970966614,
        46676.31747591155,
        58271.6609221496
      ]
    },
    "egress": {
      "preMedian": [
        4937406.0,
        7218730.0,
        1415702.5,
        1264617.0,
        1034024.53125,
        1013129.28125,
        995204.28125,
        985222.625,
        1033551.75
      ],
      "preStd": [
        399975.42218269146,
        384134.35175708606,
        100153.5,
        0.0,
        40836.15401861721,
        46052.71875,
        46452.71875,
        30402.25,
        0.0
      ],
      "postMedian": [
        5785882.0,
        6501986.0,
        1335997.0,
        1303861.0,
        1114268.0,
        1059664.4375,
        950504.5625,
        915730.46875,
        1002959.0625
      ],
      "postStd": [
        215551.13134526162,
        602324.2591774579,
        45832.679440411295,
        45208.799999999996,
        16690.0,
        75702.27337407331,
        49284.34079025141,
        28606.481560790413,
        38939.14965168009
      ]
    }
  },
  "6": {
    "ingress": {
      "preMedian": [
        718193.6875,
        487732.1875,
        2972528.0,
        8540638.0,
        517096.0625,
        535650.625,
        1429099.0,
        505471.75
      ],
      "preStd": [
        75960.125,
        7834.71532168687,
        0.0,
        0.0,
        17509.535723527115,
        0.0,
        0.0,
        0.0
      ],
      "postMedian": [
        670094.8125,
        470289.0625,
        1872168.0,
        6767882.5,
        496096.0625,
        522712.03125,
        1472967.0,
        505471.75
      ],