frequency_band,frequency_mhz,n_events,combined_z,mean_z,target,data_col,kind
1,0.45,1826,1.9252907570260909,0.045055305548844356,Sag-A,rv2_coarse,fixed
2,0.7,1825,-12.219354477530906,-0.28603345320927837,Sag-A,rv2_coarse,fixed
3,0.9,1817,-25.271736216675155,-0.5928674623902381,Sag-A,rv2_coarse,fixed
4,1.31,1849,-34.138485593605616,-0.7939182696187352,Sag-A,rv2_coarse,fixed
5,2.2,1868,-24.50683251960545,-0.5670204820443536,Sag-A,rv2_coarse,fixed
6,3.93,1869,0.9945603300661198,0.02300522482517709,Sag-A,rv2_coarse,fixed
7,4.7,1859,4.0795544974421,0.09461784321554079,Sag-A,rv2_coarse,fixed
8,6.55,1845,5.582193241155269,0.1299590958821005,Sag-A,rv2_coarse,fixed
9,9.18,1819,10.239273579816516,0.2400782393113437,Sag-A,rv2_coarse,fixed
