{
  "1": {
    "ingress": {
      "preMedian": [
        725050.5,
        12915609.0,
        479142.3125,
        1281178.5,
        1429873.0,
        526633.15625,
        546284.1875,
        601364.4375,
        557774.75
      ],
      "preStd": [
        110240.34412921386,
        7894062.406153243,
        55802.39477317204,
        50469.5,
        74358.0,
        20022.48384009719,
        31005.681664439544,
        26280.220262129493,
        0.0
      ],
      "postMedian": [
        748797.0,
        12915609.0,
        517001.875,
        1480245.0,
        1391483.0,
        534168.1875,
        546457.28125,
        593748.125,
        550771.59375
      ],
      "postStd": [
        23746.5,
        0.0,
        0.0,
        77702.5559363397,
        49926.50762711127,
        12787.048167828028,
        27946.3954473691,
        0.0,
        31826.022846380227
      ]
    },
    "egress": {
      "preMedian": [
        435620.46875,
        10150904.0,
        81363040.0,
        8261998.0,
        2188467.0,
        511228.1875,
        964712.0,
        511862.875,
        1570469.0
      ],
      "preStd": [
        41219.803293474535,
        685977.0580931898,
        33350523.359814838,
        3894637.888827214,
        0.0,
        0.0,
        0.0,
        20739.60379029629,
        0.0
      ],
      "postMedian": [
        469982.0,
        10549619.0,
        92806160.0,
        8908433.5,
        2267420.0,
        519345.6875,
        823255.0,
        511862.875,
        7319658.0
      ],
      "postStd": [
        26277.75,
        0.0,
        0.0,
        2426593.5,
        117625.25357184146,
        35503.992658515715,
        69225.42877861294,
        16183.099586043632,
        26027824.233010765
      ]
    }
  },
  "2": {
    "ingress": {
      "preMedian": [
        28364816.0,
        14919632.0,
        6412596.0,
        2680361.0,
        2702603.0
      ],
      "preStd": [
        1761205.0020369575,
        5437249.6599519355,
        956256.9062625843,
        143381.36731187295,
        136970.99850756727
      ],
      "postMedian": [
        80365904.0,
        13537921.0,
        6695255.5,
        2809839.0,
        2601247.5
      ],
      "postStd": [
        37262264.84252529,
        0.0,
        977412.0338159273,
        0.0,
        101355.5
      ]
    },
    "egress": {
      "preMedian": [
        15286731.0,
        15339772.0,
        3223770.0,
        2598692.0,
        3049286.0
      ],
      "preStd": [
        0.0,
        0.0,
        181388.91712805632,
        60004.0,
        143042.04497978906
      ],
      "postMedian": [
        16178093.5,
        15339772.0,
        2874070.0,
        2870258.0,
        3515582.0
      ],
      "postStd": [
        891362.5,
        585552.3999999999,
        187724.88839966495,
        359044.6057626406,
        76771.99744698584
      ]
    }
  },
  "3": {
    "ingress": {
      "preMedian": [
        1907046.5,
        1203840.0,
        2546919.0,
        2634524.0,
        2202853.0,
        4033601.5,
        1055265.4375,
        1160982.0,
        1166668.0,
        1153232.0,
        828851.4375
      ],
      "preStd": [
        93007.79869571273,
        0.0,
        0.0,
        190252.25721837705,
        0.0,
        214096.87292496825,
        43064.20258032077,
        95302.63436526821,
        12017.834528316655,
        0.0,
        45586.28667547333
      ],
      "postMedian": [
        1873554.0,
        1266514.0,
        2349719.0,
        2746914.0,
        2383374.0,
        3937945.0,
        1090034.0,
        1265894.0,
        1194422.0,
        1153232.0,
        856525.09375
      ],
      "postStd": [
        0.0,
        72578.08062934704,
        124756.4460741007,
        54109.22510995699,
        185767.6232621611,
        226988.9958600539,
        56405.947224864525,
        46463.0,
        58398.77461233432,
        52650.78570375016,
        27673.65625
      ]
    },
    "egress": {
      "preMedian": [
        1589356.5,
        1744638.0,
        1266823.0,
        1486221.5,
        1374724.0,
        5516643.0,
        1384611.0,
        1161332.5,
        1046058.0625,
        1380066.0,
        1435177.0
      ],
      "preStd": [
        86872.5,
        0.0,
        64925.81372997954,
        55226.5,
        0.0,
        286307.06429791235,
        52176.033767310255,
        28515.5,
        0.0,
        69687.17971047472,
        58063.10100442449
      ],
      "postMedian": [
        1736795.0,
        1881314.0,
        1322806.5,
        1503711.0,
        1455198.0,
        5516643.0,
        1331949.0,
        1146899.5,
        1151196.0,
        1380066.0,
        1594567.0
      ],
      "postStd": [
        26225.847302804155,
        74563.49440952991,
        55983.5,
        40018.168419950205,
        81607.33006685122,
        137967.3753134736,
        0.0,
        54229.77312786769,
        47114.47720775431,
        69687.17971047472,
        0.0
      ]
    }
  },
  "4": {
    "ingress": {
      "preMedian": [
        1602500.5,
        2095959.0,
        2221585.0,
        2333473.5,
        1541008.5,
        1743153.0,
        1952671.0,
        1604515.0,
        1587946.0,
        1572312.5
      ],
      "preStd": [
        112156.85845229834,
        34366.80377922858,
        0.0,
        83585.7383360792,
        49910.382960083785,
        81095.0,
        147855.43661834014,
        94436.46765006737,
        78518.7203089811,
        49139.5
      ],
      "postMedian": [
        1575314.0,
        1488517.0,
        2294076.0,
        2370840.0,
        1480774.0,
        1612101.0,
        1831796.5,
        1438440.0,
        1541675.0,
        1571545.0
      ],
      "postStd": [
        0.0,
        112855.72862911373,
        70746.81004292703,
        124624.50611158127,
        0.0,
        111636.29200864743,
        120874.5,
        78118.79183333546,
        46271.0,
        79670.5292499052
      ]
    },
    "egress": {
      "preMedian": [
        1319257.0,
        1474829.0,
        2702507.0,
        2702507.0,
        1546903.0,
        1434932.0,
        1671535.0,
        1636063.0,
        5747775.0,
        1672251.0
      ],
      "preStd": [
        36988.82601002632,
        80427.14520413801,
        0.0,
        119017.7168389461,
        67294.45277947425,
        56820.26075406554,
        0.0,
        0.0,
        601315.7983893877,
        134857.5005785207
      ],
      "postMedian": [
        1319257.0,
        1389390.0,
        2522810.0,
        2702507.0,
        1467850.0,
        1971802.0,
        1618105.0,
        1692151.0,
        6553888.0,
        2151391.0
      ],
      "postStd": [
        0.0,
        50450.0,
        93725.37065192114,
        133651.8642917736,
        102361.59160653093,
        97812.28410499744,
        194754.17810152366,
        61476.15115278444,
        351478.78217832086,
        91807.64417508812
      ]
    }
  },
  "5": {
    "ingress": {
      "preMedian": [
        3367524.0,
        4629902.0,
        8582900.0,
        6718331.0,
        5759770.0,
        1232125.0,
        1042771.21875,
        1078666.1875,
        902940.8125,
        1009714.5,
        891498.3125,
        1255942.5
      ],
      "preStd": [
        99339.0,
        202244.2029316841,
        694513.4675153247,
        497063.1129576393,
        668412.7976125607,
        64681.20816435017,
        59859.75615670236,
        46909.8125,
        63443.05599303944,
        41233.72397080899,
        0.0,
        89232.05426688047
      ],
      "postMedian": [
        3466863.0,
        4931740.0,
        8990485.5,
        6186502.0,
        5288609.0,
        1133564.0,
        1057181.0,
        1062131.0,
        931410.59375,
        963758.0625,
        857642.5625,
        1319715.0
      ],