frequency_band,frequency_mhz,n_events,combined_z,mean_z,target,data_col,kind
1,0.45,45,1.4450539583057127,0.21541592546178137,Earth,rv2_coarse,earth
2,0.7,43,-2.530983647178892,-0.38597138772998246,Earth,rv2_coarse,earth
3,0.9,45,12.240658981690055,1.8247297048301545,Earth,rv2_coarse,earth
4,1.31,46,10.433182419872194,1.5382888249068396,Earth,rv2_coarse,earth
5,2.2,43,-0.5941477793051283,-0.09060668691032397,Earth,rv2_coarse,earth
6,3.93,48,-0.26132957899768866,-0.03771967569538178,Earth,rv2_coarse,earth
7,4.7,44,7.332616628931541,1.1054335495312086,Earth,rv2_coarse,earth
8,6.55,46,4.10378684358391,0.6050703598607425,Earth,rv2_coarse,earth
9,9.18,41,16.0634468081759,2.508688916930352,Earth,rv2_coarse,earth
