frequency_band,frequency_mhz,n_events,combined_z,mean_z,target,data_col,kind
1,0.45,61,-9.556402922471138,-1.2235720135748134,Fornax-A,rv2_coarse,fixed
2,0.7,62,6.219990700128873,0.7899396088563708,Fornax-A,rv2_coarse,fixed
3,0.9,60,13.540943828627556,1.7481283313401543,Fornax-A,rv2_coarse,fixed
4,1.31,59,17.807129967545837,2.318290858168786,Fornax-A,rv2_coarse,fixed
5,2.2,59,-0.47856691358950054,-0.06230410531167111,Fornax-A,rv2_coarse,fixed
6,3.93,60,-4.142739729661535,-0.5348253993550315,Fornax-A,rv2_coarse,fixed
7,4.7,60,-6.465642002759976,-0.8347107933076185,Fornax-A,rv2_coarse,fixed
8,6.55,61,-2.800115690955857,-0.35851807652113304,Fornax-A,rv2_coarse,fixed
9,9.18,59,-5.061109677115064,-0.6589003572181192,Fornax-A,rv2_coarse,fixed
