{
  "1": {
    "ingress": {
      "preMedian": [
        69540400.0,
        672026.875,
        695451.3125,
        520638.5625
      ],
      "preStd": [
        29755066.05401755,
        56357.515002942375,
        20939.62700019076,
        24407.386387935927
      ],
      "postMedian": [
        19089488.0,
        578102.5625,
        662497.96875,
        504867.0625
      ],
      "postStd": [
        0.0,
        14532.8125,
        35979.37016640293,
        15771.5
      ]
    },
    "egress": {
      "preMedian": [
        897214.90625,
        989141.125,
        539758.125,
        1196619.0
      ],
      "preStd": [
        245365.09375,
        203116.01972451902,
        6354.326700785261,
        291860.91234785534
      ],
      "postMedian": [
        2608433.5,
        1220056.5,
        553580.8125,
        1294767.0
      ],
      "postStd": [
        777217.6877191486,
        17881.5,
        17961.307737267143,
        0.0
      ]
    }
  },
  "2": {
    "ingress": {
      "preMedian": [
        3344659.5,
        2528967.0,
        2671672.0,
        2094105.0
      ],
      "preStd": [
        461090.64079222805,
        45135.032125833255,
        60805.526327793596,
        0.0
      ],
      "postMedian": [
        3150684.0,
        2413383.0,
        2612507.0,
        2195710.5
      ],
      "postStd": [
        79191.2454476854,
        0.0,
        59165.0,
        159042.1213987037
      ]
    },
    "egress": {
      "preMedian": [
        2461952.0,
        2774072.0,
        2473791.5,
        2574890.0
      ],
      "preStd": [
        54405.61667695717,
        113843.95506376261,
        59476.5,
        109163.9645696326
      ],
      "postMedian": [
        2461952.0,
        2929725.0,
        2594325.0,
        2454918.0
      ],
      "postStd": [
        0.0,
        0.0,
        112552.28457338172,
        0.0
      ]
    }
  },
  "3": {
    "ingress": {
      "preMedian": [
        1220096.5,
        2184553.0,
        3561432.0,
        3057894.0,
        1345855.5,
        1096364.0,
        1157215.0,
        747957.8125,
        1213673.5,
        1606387.0
      ],
      "preStd": [
        66188.37219774709,
        0.0,
        343960.7664022163,
        159690.29161934744,
        67242.6324997765,
        51982.33300134532,
        0.0,
        13436.5625,
        47811.5,
        47184.764104057525
      ],
      "postMedian": [
        1203840.0,
        2227442.0,
        3067219.5,
        3189121.0,
        1262321.0,
        1847701.0,
        1228397.5,
        820919.4375,
        1077484.0,
        1481982.0
      ],
      "postStd": [
        24945.87450639662,
        118923.06421333454,
        667187.22738786,
        0.0,
        49702.535649602425,
        125740.9339712378,
        46839.99838101335,
        36653.41093503867,
        52811.81495839733,
        72541.04708499527
      ]
    },
    "egress": {
      "preMedian": [
        1799561.0,
        1978884.0,
        3729527.0,
        1600781.0,
        1711936.0,
        1790416.0,
        1696753.0,
        1264681.0,
        1704656.5,
        2052946.0
      ],
      "preStd": [
        107561.12051926569,
        122810.0,
        0.0,
        0.0,
        115701.34212137516,
        0.0,
        100308.0398205448,
        0.0,
        144425.3802920387,
        0.0
      ],
      "postMedian": [
        1864587.0,
        2037397.0,
        3905564.0,
        1866373.0,
        1663170.5,
        1847701.0,
        1554638.0,
        1296706.0,
        1711439.5,
        1871720.0
      ],
      "postStd": [
        0.0,
        27841.417693564024,
        171637.43559212252,
        92427.19718134917,
        24029.5,
        91947.21985269593,
        0.0,
        37421.068921130514,
        164440.5,
        81601.35658578233
      ]
    }
  },
  "4": {
    "ingress": {
      "preMedian": [
        2054795.0,
        1365434.0,
        1614312.0,
        2251752.0,
        1562323.0
      ],
      "preStd": [
        0.0,
        44005.84599982143,
        94593.98689497921,
        201076.628725151,
        63628.030527040515
      ],
      "postMedian": [
        2092227.5,
        1365834.0,
        3735034.0,
        2629070.0,
        1430653.0
      ],
      "postStd": [
        113109.34718878109,
        33171.0,
        399263.02776275907,
        0.0,
        16520.842835642496
      ]
    },
    "egress": {
      "preMedian": [
        1840484.0,
        3002937.0,
        3083904.0,
        2542330.0,
        1898548.0
      ],
      "preStd": [
        114513.66436438929,
        59341.0,
        60941.0,
        118401.70435652779,
        85973.98312797243
      ],
      "postMedian": [
        1980720.0,
        1341097.5,
        3337281.0,
        1672368.0,
        1762901.0
      ],
      "postStd": [
        0.0,
        641114.3172098171,
        198458.79685970084,
        77753.79949506241,
        183693.21611921932
      ]
    }
  },
  "5": {
    "ingress": {
      "preMedian": [
        6528912.5,
        6573330.0,
        50522544.0,
        843773.71875,
        1084411.0,
        967076.5625
      ],
      "preStd": [
        257386.5,
        217222.80000000002,
        0.0,
        52296.001219218546,
        103686.24017988115,
        0.0
      ],
      "postMedian": [
        6786299.0,
        6578762.0,
        19013040.0,
        888908.125,
        1222584.5,
        903755.3125
      ],
      "postStd": [
        412105.20000000007,
        548489.0,
        12785618.878321791,
        19135.76365533247,
        36711.5,
        35480.215979326706
      ]
    },
    "egress": {
      "preMedian": [
        6528946.0,
        6147069.0,
        9329204.0,
        1113647.0,
        1227512.0,
        1068928.0
      ],
      "preStd": [
        258784.0,
        252066.1255257349,
        702812.1053237171,
        78184.54054066927,
        43781.99234205771,
        54576.8945397283
      ],
      "postMedian": [
        5514761.5,
        7218730.0,
        8508331.0,
        1046547.0,
        1190010.0,
        1171212.0
      ],
      "postStd": [
        237559.5,
        505185.8401554378,
        386963.24319529656,
        31631.243345078226,
        0.0,
        0.0
      ]
    }
  },
  "6": {
    "ingress": {
      "preMedian": [
        437413.0,
        427259.65625,
        462993.0625,
        439295.0625,
        492164.0625,
        474813.25,
        1660840.5
      ],
      "preStd": [
        14648.522040796044,
        33173.40625,
        23691.31555221633,
        0.0,
        13252.654218563373,
        0.0,
        535305.9270510289
      ],
      "postMedian": [
        429378.1875,
        439075.1875,
        451367.46875,
        418665.3125,
        550001.4375,
        484612.28125,
        1583346.0
      ],
      "postStd": [
        8034.8125,
        8543.15,
        11625.59375,
        29206.12749262475,
        0.0,
        9799.03125,
        0.0
      ]
    },
    "egress": {
      "preMedian": [
        413362.53125,
        504600.9375,
        389657.0,
        421018.0,
        533293.75,
        503470.8125,
        541906.8125
      ],
      "preStd": [
        7980.84375,
        0.0,
        12123.922640280249,
        0.0,
        11903.199852233945,
        9008.25,
        40600.930654639094
      ],
      "postMedian": [
        437413.0,
        459796.8125,
        403656.5,
        454952.5625,
        496016.5,
        480950.1875,
        495540.0
      ],
      "postStd": [
        0.0,
        26718.763855856057,
        13999.5,
        16624.472553916938,
        12026.75,
        0.0,
        9872.906109493546
      ]
    }
  },
  "7": {
    "ingress": {
      "preMedian": [
        262669.1875,
        301862.625,
        317878.375,
        323591.375
      ],
      "preStd": [
        24582.91322010984,
        10243.030981138128,
        0.0,
        19388.581728913283
      ],