frequency_band,frequency_mhz,n_events,combined_z,mean_z,target,data_col,kind
1,0.45,844,7.0512637011428545,0.2427145061517965,Cygnus-A,rv2_coarse,fixed
2,0.7,844,3.997066037611089,0.1375846870139964,Cygnus-A,rv2_coarse,fixed
3,0.9,842,-0.027004587282754,-0.0009306395358776533,Cygnus-A,rv2_coarse,fixed
4,1.31,848,7.790461498304379,0.26752554620690955,Cygnus-A,rv2_coarse,fixed
5,2.2,856,0.9575381657321486,0.03272798073417532,Cygnus-A,rv2_coarse,fixed
6,3.93,852,4.491330051676556,0.153870432175894,Cygnus-A,rv2_coarse,fixed
7,4.7,843,-0.1231129339919668,-0.0042402346837553595,Cygnus-A,rv2_coarse,fixed
8,6.55,838,-0.46159886272071615,-0.01594566812083705,Cygnus-A,rv2_coarse,fixed
9,9.18,828,1.0980871821038942,0.038161167559996316,Cygnus-A,rv2_coarse,fixed
