frequency_band,frequency_mhz,n_events,combined_z,mean_z,target,data_col,kind
1,0.45,1369,-1.6562219898710857,-0.04476275648300232,Venus,rv2_coarse,planet
2,0.7,1373,0.6461880543856291,0.01743908348083774,Venus,rv2_coarse,planet
3,0.9,1363,-14.628820430046092,-0.3962427974025797,Venus,rv2_coarse,planet
4,1.31,1384,-7.6358796477115725,-0.20525371652225058,Venus,rv2_coarse,planet
5,2.2,1392,2.8743984719465163,0.0770419657973116,Venus,rv2_coarse,planet
6,3.93,1390,1.0069349797187763,0.027008099682793697,Venus,rv2_coarse,planet
7,4.7,1391,-2.4029181282806267,-0.06442811257757668,Venus,rv2_coarse,planet
8,6.55,1374,1.3650807136365937,0.03682688320501441,Venus,rv2_coarse,planet
9,9.18,1373,-6.74308973757219,-0.18198000420188032,Venus,rv2_coarse,planet
