frequency_band,frequency_mhz,n_events,combined_z,mean_z,target,data_col,kind
1,0.45,23,-9.169049995805064,-1.9118790873353166,Cygnus-A,rv2_coarse,fixed
2,0.7,20,-2.9215826219211865,-0.6532857344497841,Cygnus-A,rv2_coarse,fixed
3,0.9,20,-3.228544767959676,-0.7219245569559122,Cygnus-A,rv2_coarse,fixed
4,1.31,20,5.82558690256087,1.3026408322958551,Cygnus-A,rv2_coarse,fixed
5,2.2,23,-5.148320848096888,-1.0734991050187446,Cygnus-A,rv2_coarse,fixed
6,3.93,23,1.403534926323339,0.2926572627709506,Cygnus-A,rv2_coarse,fixed
7,4.7,23,-4.978295593806511,-1.0380463887454816,Cygnus-A,rv2_coarse,fixed
8,6.55,23,1.875303975926023,0.39102790971911733,Cygnus-A,rv2_coarse,fixed
9,9.18,20,-2.7565844584337893,-0.6163910234777397,Cygnus-A,rv2_coarse,fixed
