{
  "1": {
    "ingress": {
      "preMedian": [
        3286203.0,
        682076.8125,
        13316936.0,
        1985323.0
      ],
      "preStd": [
        141775.62300282795,
        35660.512095764796,
        1484783.0,
        145076.50553951025
      ],
      "postMedian": [
        3438316.0,
        779475.84375,
        3442062.0,
        1081307.0
      ],
      "postStd": [
        0.0,
        31862.59375,
        3920932.174765822,
        292401.90715036035
      ]
    },
    "egress": {
      "preMedian": [
        1846198.5,
        596049.8125,
        621749.03125,
        925463.125
      ],
      "preStd": [
        284118.37848377565,
        13011.737045656606,
        21899.09375,
        78837.8125
      ],
      "postMedian": [
        3383335.0,
        582084.0625,
        683297.75,
        1097311.0
      ],
      "postStd": [
        214145.0,
        31082.96804282954,
        49819.11338990097,
        497433.16844768514
      ]
    }
  },
  "2": {
    "ingress": {
      "preMedian": [
        2573007.0,
        2915128.5,
        2968092.0,
        2132732.0,
        1856179.0
      ],
      "preStd": [
        130451.57046107188,
        230412.5,
        0.0,
        47534.3080505018,
        114170.95186906125
      ],
      "postMedian": [
        2517479.5,
        2975387.0,
        2805239.0,
        2132732.0,
        1740811.0
      ],
      "postStd": [
        55527.5,
        261848.0634920946,
        147377.56125613407,
        0.0,
        94231.85295264488
      ]
    },
    "egress": {
      "preMedian": [
        1785591.0,
        2799306.0,
        3255213.5,
        1994468.0,
        2813029.0
      ],
      "preStd": [
        83263.74948223267,
        116600.19996847132,
        83837.5,
        0.0,
        234942.99100526492
      ],
      "postMedian": [
        1785591.0,
        2799306.0,
        2794752.0,
        2085589.0,
        2758806.0
      ],
      "postStd": [
        0.0,
        66225.0,
        66101.0,
        105864.77326476452,
        120825.0
      ]
    }
  },
  "3": {
    "ingress": {
      "preMedian": [
        2571932.0,
        2300384.0
      ],
      "preStd": [
        108515.90647253313,
        177411.66965633913
      ],
      "postMedian": [
        2743352.0,
        2381752.0
      ],
      "postStd": [
        166255.863664075,
        39037.00836670533
      ]
    },
    "egress": {
      "preMedian": [
        3010905.0,
        2241229.0
      ],
      "preStd": [
        0.0,
        102733.51209318213
      ],
      "postMedian": [
        2947904.0,
        2291582.5
      ],
      "postStd": [
        63001.0,
        185805.5
      ]
    }
  },
  "4": {
    "ingress": {
      "preMedian": [
        1856091.0,
        1315587.5,
        2015686.0
      ],
      "preStd": [
        111105.66673779515,
        64106.5,
        54571.812620314035
      ],
      "postMedian": [
        1885217.0,
        1314024.0,
        2015686.0
      ],
      "postStd": [
        0.0,
        39088.38859610358,
        165463.50151241815
      ]
    },
    "egress": {
      "preMedian": [
        1748074.0,
        3002937.0,
        1937700.5
      ],
      "preStd": [
        47079.01642510765,
        59341.0,
        70156.37315490303
      ],
      "postMedian": [
        1639619.0,
        1357198.0,
        1816217.5
      ],
      "postStd": [
        25155.559442971826,
        720650.5214731598,
        29395.5
      ]
    }
  },
  "5": {
    "ingress": {
      "preMedian": [
        5592776.0,
        5767207.0,
        919645.28125
      ],
      "preStd": [
        476180.0,
        0.0,
        44431.87521027431
      ],
      "postMedian": [
        5562255.0,
        6275588.0,
        883875.0
      ],
      "postStd": [
        805522.206109453,
        348788.1086597882,
        0.0
      ]
    },
    "egress": {
      "preMedian": [
        4905128.5,
        5357434.0,
        865021.25
      ],
      "preStd": [
        413779.5483328049,
        768199.420162395,
        21087.86875863111
      ],
      "postMedian": [
        5124526.5,
        6289123.0,
        909755.375
      ],
      "postStd": [
        402627.5,
        0.0,
        31239.91866725657
      ]
    }
  },
  "6": {
    "ingress": {
      "preMedian": [
        455696.8125,
        416325.375,
        428892.5,
        517656.0625,
        528032.5625,
        533920.6875,
        621426.6875,
        523826.5
      ],
      "preStd": [
        9093.945000435042,
        0.0,
        10813.3125,
        13522.680620628986,
        0.0,
        25877.4375,
        19471.54110288269,
        21340.53743696228
      ],
      "postMedian": [
        438209.5,
        428633.09375,
        439705.8125,
        490475.375,
        528032.5625,
        508043.25,
        638761.53125,
        494524.5
      ],
      "postStd": [
        17487.3125,
        29923.654397192848,
        36289.155094984126,
        0.0,
        18237.92912806189,
        49507.043039475706,
        47353.03125,
        13041.46499324899
      ]
    },
    "egress": {
      "preMedian": [
        930392.5625,
        417494.6875,
        448683.09375,
        479605.4375,
        506159.78125,
        522050.0625,
        610701.6875,
        543592.0625
      ],
      "preStd": [
        94746.375,
        9795.911038438337,
        10003.46875,
        0.0,
        18427.59375,
        12430.874519334096,
        27216.758457295073,
        16190.0625
      ],
      "postMedian": [
        843476.71875,
        440729.0,
        438679.625,
        479605.4375,
        487732.1875,
        507696.125,
        610701.6875,
        543592.0625
      ],
      "postStd": [
        36615.94038741977,
        23234.3125,
        8285.18384812412,
        8367.55,
        12565.146289493297,
        14353.9375,
        27216.75845729508,
        26144.80388399983
      ]
    }
  },
  "7": {
    "ingress": {
      "preMedian": [
        1151633.0,
        498050.21875,
        323591.375,
        299934.5625
      ],
      "preStd": [
        212399.0079194161,
        38370.31591049635,
        26229.825723981023,
        9462.725
      ],
      "postMedian": [
        1359024.0,
        473352.875,
        300948.0,
        299934.5625
      ],
      "postStd": [
        0.0,
        0.0,
        0.0,
        0.0
      ]
    },
    "egress": {
      "preMedian": [
        777654.15625,
        473352.875,
        258985.4375,
        299731.8125
      ],
      "preStd": [
        122757.01132822929,
        0.0,
        24821.128011355093,
        14540.909156314385
      ],
      "postMedian": [
        667316.25,
        450988.59375,
        278942.8125,
        299731.8125
      ],
      "postStd": [
        0.0,
        35505.73424210925,
        9407.996798121916,
        0.0
      ]
    }
  },
  "8": {
    "ingress": {
      "preMedian": [
        406970.25,
        2375576.0,
        882724.3125,
        1063470.0
      ],
      "preStd": [
        4834972.842521284,
        49789992.7790957,
        40870.5657131046,
        384077.28763935
      ],
      "postMedian": [
        1082875.6875,
        11025245.0,
        886599.75,
        1480546.0
      ],
      "postStd": [
        1035521843.5728605,
        0.0,
        131545.3275346793,
        97195.0
      ]
    },
    "egress": {
      "preMedian": [
        4316544.0,
        1049205.0,
        796784.75,
        916293.6875
      ],
      "preStd": [
        0.0,
        271424.2785972006,
        0.0,
        135968.53315451695
      ],
      "postMedian": [
        2664501.0,
        1108470.0,
        663581.5,
        1040419.9375
      ],
      "postStd": [
        1248776.7039120165,
        59265.0,
        86370.25314245386,
        110044.64187067589
      ]
    }
  },
  "9": {
    "ingress": {
      "preMedian": [
        153546.5625,
        554931.34375,
        870702.25
      ],