{
  "1": {
    "ingress": {
      "preMedian": [
        0.0,
        75478512.0,
        10796498.5
      ],
      "preStd": [
        0.0,
        6789208.692109626,
        4110668.904147414
      ],
      "postMedian": [
        0.0,
        58947256.0,
        4242361.0
      ],
      "postStd": [
        0.0,
        10722428.81512505,
        3538712.8014837387
      ]
    },
    "egress": {
      "preMedian": [
        1029731072.0,
        5059900.0,
        7902361.5
      ],
      "preStd": [
        0.0,
        1770922.5296284873,
        283118.5
      ],
      "postMedian": [
        692112.625,
        8777853.0,
        6532323.0
      ],
      "postStd": [
        189839336.0418448,
        0.0,
        240081.29448792964
      ]
    }
  },
  "2": {
    "ingress": {
      "preMedian": [
        2092408.0,
        3750532.0,
        21513712.0,
        11011369.5,
        11315845.0,
        2628738.0,
        2603014.0,
        2694870.5
      ],
      "preStd": [
        104810.93463059513,
        521858.0,
        22844679.846254185,
        865672.6646046342,
        4752205.881709907,
        262335.0,
        171455.26242596217,
        63420.5
      ],
      "postMedian": [
        2139242.0,
        3595710.0,
        7023341.0,
        11518096.0,
        5261227.0,
        2603014.0,
        2603014.0,
        2758291.0
      ],
      "postStd": [
        0.0,
        271463.7917163908,
        1469943.0,
        477746.3258092335,
        0.0,
        77838.96950756735,
        52240.8174197868,
        194073.47970147803
      ]
    },
    "egress": {
      "preMedian": [
        1871031.0,
        4047765.0,
        2027741.5,
        3709801.0,
        4514823.0,
        3755704.0,
        2823624.0,
        2758291.0
      ],
      "preStd": [
        123751.61830537814,
        352280.9654369648,
        244259.5,
        269630.186565888,
        1382116.0,
        0.0,
        141523.81142691147,
        137247.28649791225
      ],
      "postMedian": [
        1789382.0,
        5042000.0,
        2057952.0,
        3914752.0,
        2957195.0,
        3557142.0,
        3345267.0,
        3102639.0
      ],
      "postStd": [
        0.0,
        463890.6320265147,
        155405.57134657545,
        188170.54256415612,
        0.0,
        75226.0,
        0.0,
        0.0
      ]
    }
  },
  "3": {
    "ingress": {
      "preMedian": [
        977002.125,
        1220225.0
      ],
      "preStd": [
        24910.777696963403,
        46164.95337976153
      ],
      "postMedian": [
        944089.75,
        1204835.0
      ],
      "postStd": [
        72168.34915290587,
        0.0
      ]
    },
    "egress": {
      "preMedian": [
        1482207.5,
        957822.5
      ],
      "preStd": [
        20276.5,
        54296.36503631696
      ],
      "postMedian": [
        1503041.0,
        889565.875
      ],
      "postStd": [
        53984.760986319096,
        18716.625
      ]
    }
  },
  "4": {
    "ingress": {
      "preMedian": [
        2305681.0,
        1826277.0,
        1443415.0,
        2894778.0,
        1440165.5
      ],
      "preStd": [
        187354.08787533833,
        100873.51789741448,
        36440.0,
        232674.63082974905,
        47209.68353195666
      ],
      "postMedian": [
        2306299.5,
        1686234.0,
        1406975.0,
        3457756.5,
        1474829.0
      ],
      "postStd": [
        162388.5,
        0.0,
        63892.06944840651,
        67720.5,
        60598.24478389526
      ]
    },
    "egress": {
      "preMedian": [
        2507423.0,
        2489673.0,
        2126807.0,
        3063569.0,
        2263044.0
      ],
      "preStd": [
        0.0,
        57936.79947311121,
        103356.0,
        0.0,
        153048.12131338156
      ],
      "postMedian": [
        2348702.0,
        2538140.5,
        2024537.0,
        3063569.0,
        2116853.0
      ],
      "postStd": [
        117063.81994040686,
        129053.5,
        66417.0,
        281869.03068439424,
        68915.0982989617
      ]
    }
  },
  "5": {
    "ingress": {
      "preMedian": [
        4009576.0,
        4041867.0,
        891498.3125
      ],
      "preStd": [
        0.0,
        0.0,
        16720.82657608323
      ],
      "postMedian": [
        4407991.0,
        3922596.0,
        868734.875
      ],
      "postStd": [
        353928.39595715626,
        232882.10049078483,
        54900.574288851116
      ]
    },
    "egress": {
      "preMedian": [
        5953667.0,
        4976406.0,
        1390974.5
      ],
      "preStd": [
        467184.9419938104,
        346504.0,
        58774.18200621766
      ],
      "postMedian": [
        5457590.0,
        5782148.0,
        1364403.5
      ],
      "postStd": [
        0.0,
        653114.1237599674,
        118971.5
      ]
    }
  },
  "6": {
    "ingress": {
      "preMedian": [
        1073085.40625,
        551984.5625,
        498949.46875
      ],
      "preStd": [
        534595.6826773578,
        0.0,
        12578.65625
      ],
      "postMedian": [
        1456136.0,
        583933.875,
        511528.125
      ],
      "postStd": [
        807245.3609276994,
        22707.75113700596,
        10584.025
      ]
    },
    "egress": {
      "preMedian": [
        5900901.0,
        474259.75,
        438885.125
      ],
      "preStd": [
        2224520.0,
        8750.652656661372,
        18604.611125452335
      ],
      "postMedian": [
        4903532.0,
        493576.0625,
        421607.4375
      ],
      "postStd": [
        4474498.2249754835,
        19340.490051188954,
        10798.97875202719
      ]
    }
  },
  "7": {
    "ingress": {
      "preMedian": [
        386201.9375,
        394148.625,
        776154.125,
        430357.75
      ],
      "preStd": [
        0.0,
        0.0,
        40340.6875,
        0.0
      ],
      "postMedian": [
        386201.9375,
        437366.75,
        735813.4375,
        475721.0625
      ],
      "postStd": [
        17299.52875991135,
        26343.233967242228,
        32272.55,
        16905.90840576099
      ]
    },
    "egress": {
      "preMedian": [
        418839.0,
        466312.5,
        405456.53125,
        474581.0
      ],
      "preStd": [
        0.0,
        23116.47769370233,
        34231.95410937688,
        0.0
      ],
      "postMedian": [
        418839.0,
        565455.0625,
        446912.0625,
        430319.9375
      ],
      "postStd": [
        35755.76108888346,
        0.0,
        21735.6875,
        21683.403719687034
      ]
    }
  },
  "8": {
    "ingress": {
      "preMedian": [
        1583293.0,
        836639.75,
        311943.78125,
        324536.4375,
        580022.90625,
        963597.5625,
        1097184.09375
      ],
      "preStd": [
        454327.2850823917,
        0.0,
        22087.541542979423,
        19296.856099644927,
        37446.90625,
        187536.5113083583,
        425777.63829153916
      ],
      "postMedian": [
        788674.375,
        887405.15625,
        344385.6875,
        324536.4375,
        412880.3125,
        969589.59375,
        409773.5
      ],
      "postStd": [
        0.0,
        193240.58175557503,
        12643.216561528216,
        0.0,
        45186.5105076305,
        107642.40625,
        0.0
      ]
    },
    "egress": {
      "preMedian": [
        969197.78125,
        8116143.0,
        411233.75,
        984950.25,
        1035466.6875,
        366305.625,
        1067473.0
      ],
      "preStd": [
        256903.21875,
        0.0,
        26736.852785349503,
        229137.23280542763,
        0.0,
        55133.375,
        17509.37811574129
      ],
      "postMedian": [
        805132.3125,
        720049.78125,
        411233.75,
        619490.5625,
        839656.375,
        406253.09375,
        701244.8125
      ],