{
  "1": {
    "ingress": {
      "preMedian": [
        1119550.5,
        564639.84375,
        558899.8125,
        547651.375,
        560746.5625,
        601760.1875,
        539971.75,
        1481377.5,
        580141.625
      ],
      "preStd": [
        128732.36754574436,
        17368.473921506764,
        31442.327498629784,
        18107.722871598682,
        27403.615905461036,
        88289.49731152446,
        0.0,
        550449.6699078241,
        0.0
      ],
      "postMedian": [
        1532853.0,
        558899.8125,
        536628.75,
        597945.125,
        560746.5625,
        529001.8125,
        981146.75,
        1802199.0,
        989768.5
      ],
      "postStd": [
        295983.1202629154,
        57122.69405307367,
        25128.458063131933,
        19843.694389950375,
        50786.50250645353,
        33416.9338832098,
        62053.1889589228,
        0.0,
        172869.21184439366
      ]
    },
    "egress": {
      "preMedian": [
        433225.0,
        427386.75,
        538954.1875,
        2759854.0,
        10700174.0,
        439071.0,
        594157.625,
        443532.53125,
        683817.75
      ],
      "preStd": [
        25306.184153352322,
        20797.648182652014,
        13320.339052684649,
        884729.3623578469,
        405780.0,
        21624.147144540755,
        36045.662327668586,
        32902.05529913332,
        105697.41258078252
      ],
      "postMedian": [
        481947.9375,
        435260.8125,
        560780.75,
        617625.875,
        8874898.0,
        463331.875,
        4226527.0,
        427598.75,
        1663701.0
      ],
      "postStd": [
        19935.199709510503,
        0.0,
        28682.238937374095,
        82806.40596733661,
        1043738.1450511187,
        27339.826246129047,
        1251145.7947853159,
        26941.99904038769,
        2375261.7967923908
      ]
    }
  },
  "2": {
    "ingress": {
      "preMedian": [
        2697823.0,
        2702206.0,
        2587858.0,
        2587858.0,
        2784629.5,
        2587858.0,
        2772070.5,
        2720001.0,
        2993686.0,
        2715393.0,
        2856173.0
      ],
      "preStd": [
        231297.082503195,
        0.0,
        148233.2370489156,
        125456.40273442095,
        280028.04120034125,
        151678.8468597183,
        118195.35745747377,
        122195.0,
        133873.70887275418,
        157094.5301719929,
        233832.52762340402
      ],
      "postMedian": [
        2697823.0,
        2702206.0,
        2990019.0,
        2846112.5,
        2697823.0,
        2702206.0,
        2837548.0,
        2710989.0,
        2837548.0,
        2715393.0,
        2856173.0
      ],
      "postStd": [
        172468.12087573798,
        126736.23595976803,
        202237.70032083834,
        143906.5,
        146792.51186472544,
        113277.94126674731,
        108192.99226429613,
        0.0,
        155270.32440540593,
        213417.64139989432,
        346165.7286833705
      ]
    },
    "egress": {
      "preMedian": [
        1591224.0,
        1576671.0,
        1712734.0,
        1591224.0,
        1634789.0,
        1538056.0,
        1601005.0,
        1550263.0,
        1798300.0,
        1657779.0,
        1725288.0
      ],
      "preStd": [
        37697.539452536024,
        62262.3556216035,
        98175.38797042187,
        0.0,
        132075.89089038846,
        75821.17862794413,
        76228.80406181037,
        107041.73514216265,
        0.0,
        40755.67398685058,
        100179.46826489315
      ],
      "postMedian": [
        1712734.0,
        1481213.0,
        1712734.0,
        1712734.0,
        1700266.0,
        1591224.0,
        1534009.0,
        1731600.0,
        1651998.0,
        1601005.0,
        1657779.0
      ],
      "postStd": [
        89536.42339271313,
        89750.9376925605,
        79722.62111028386,
        94853.36001235092,
        67154.77387562045,
        68651.39296682707,
        100790.18278703983,
        95620.89032492122,
        148412.6900094463,
        111535.99205472937,
        40811.13014452638
      ]
    }
  },
  "3": {
    "ingress": {
      "preMedian": [
        1680333.0,
        1677028.0,
        1840089.0,
        1785684.0,
        1679073.0,
        1685216.0,
        1683166.0,
        1855343.0
      ],
      "preStd": [
        105351.0,
        55642.81468401094,
        132988.88905008385,
        57645.21918155742,
        0.0,
        71394.29964582864,
        40148.37132691788,
        80963.70652159081
      ],
      "postMedian": [
        1785684.0,
        1730505.0,
        1728304.0,
        1730505.0,
        1874626.0,
        1739317.0,
        1683166.0,
        1741527.0
      ],
      "postStd": [
        138123.20817530993,
        79380.60915202742,
        58077.56577128872,
        70032.52421932692,
        101028.61264513138,
        88216.14596372865,
        66893.08415978563,
        70036.49253226651
      ]
    },
    "egress": {
      "preMedian": [
        900897.125,
        881775.25,
        863060.9375,
        779432.5,
        822656.90625,
        921860.3125,
        830064.0625,
        884805.25
      ],
      "preStd": [
        45615.09800421164,
        29102.221841738003,
        37948.89093475925,
        34111.873138197676,
        47597.69244077153,
        63517.60580566504,
        38878.76050072871,
        37828.305773579894
      ],
      "postMedian": [
        881775.25,
        857320.03125,
        844745.375,
        881775.25,
        763470.3125,
        864614.625,
        884805.25,
        847927.0625
      ],
      "postStd": [
        54294.7984937159,
        63110.15625,
        147531.8707433019,
        73227.98259849164,
        37946.65466239998,
        41359.16211475036,
        41625.16640002822,
        20936.729538459
      ]
    }
  },
  "4": {
    "ingress": {
      "preMedian": [
        2031241.0,
        2098303.0,
        2095849.0,
        2031241.0,
        2100762.0,
        1914958.0,
        2039067.0,
        2110614.0
      ],
      "preStd": [
        105158.11048111878,
        189893.43517728194,
        154130.02029256907,
        111108.91294930172,
        83926.52540314593,
        192090.67814134032,
        125063.55637589935,
        76616.2248266898
      ],
      "postMedian": [
        1966318.0,
        1903476.0,
        2028639.0,
        1966318.0,
        1969064.0,
        1977304.0,
        1912080.0,
        1980063.0
      ],
      "postStd": [
        93423.97612857992,
        0.0,
        83101.68627724981,
        79106.89873267717,
        98029.79919662495,
        127877.47147554801,
        101530.39283839281,
        98069.58924588775
      ]
    },
    "egress": {
      "preMedian": [
        1098960.0,
        1159698.0,
        1187357.0,
        1106294.0,
        1135018.0,
        1161910.0,
        1164128.0,
        1248267.0
      ],
      "preStd": [
        36602.834596377856,
        0.0,
        72653.09362403543,
        67842.61350670477,
        81835.40468850028,
        61022.63231367356,
        35466.750681707046,
        77582.65474594545
      ],
      "postMedian": [
        1098960.0,
        1215683.0,
        1215683.0,
        1244676.0,
        1108748.0,
        1218956.5,
        1191524.0,
        1137363.0
      ],
      "postStd": [
        64843.718481609016,
        57948.81362874992,
        58567.73073832326,
        65343.04471176777,
        37134.12715208126,
        57046.5,
        44462.30017138804,
        23619.735802666277
      ]
    }
  },
  "5": {
    "ingress": {
      "preMedian": [
        1097995.0,
        1130242.0,
        1159339.0,
        1159339.0,
        1139644.0,
        1199737.0,
        1173758.0,
        1134931.0,
        1144368.0,
        1030397.4375
      ],