frequency_band,frequency_mhz,n_events,combined_z,mean_z,target,data_col,kind
1,0.45,14,-1.1268581535846103,-0.3011655095861644,Sag-A,rv2_coarse,fixed
2,0.7,13,1.2455136727021845,0.34544333932455373,Sag-A,rv2_coarse,fixed
3,0.9,14,-8.920392172404318,-2.3840750903426473,Sag-A,rv2_coarse,fixed
4,1.31,13,-10.801030266149075,-2.9956668040337653,Sag-A,rv2_coarse,fixed
5,2.2,16,-1.1433707741876602,-0.28584269354691505,Sag-A,rv2_coarse,fixed
6,3.93,15,-1.9793634437645957,-0.511069443586136,Sag-A,rv2_coarse,fixed
7,4.7,14,-1.19998669994974,-0.32070993570695927,Sag-A,rv2_coarse,fixed
8,6.55,13,0.7211421869260582,0.20000885629708767,Sag-A,rv2_coarse,fixed
9,9.18,14,-5.597919746701836,-1.4961069836296166,Sag-A,rv2_coarse,fixed
