{
  "rows": [
    {
      "freq": 6.55,
      "freq_label": 6.55,
      "freq_band": 8.0,
      "ingress": {
        "metric": -1.6144826123520217,
        "stderr": NaN,
        "n_used": 1
      },
      "egress": {
        "metric": -2.1239242957730085,
        "stderr": NaN,
        "n_used": 1
      },
      "combined": {
        "metric": -3.73840690812503,
        "stderr": 0.25472084171049336,
        "n_used": 2
      }
    }
  ]
}