{
  "8": {
    "ingress": {
      "preMedian": [
        1097184.09375
      ],
      "preStd": [
        425777.63829153916
      ],
      "postMedian": [
        409773.5
      ],
      "postStd": [
        0.0
      ]
    },
    "egress": {
      "preMedian": [
        1067473.0
      ],
      "preStd": [
        17509.37811574129
      ],
      "postMedian": [
        701244.8125
      ],
      "postStd": [
        171538.6655539615
      ]
    }
  }
}