{
  "2": {
    "ingress": {
      "preMedian": [
        2178929.0
      ],
      "preStd": [
        173840.63268706773
      ],
      "postMedian": [
        2512766.5
      ],
      "postStd": [
        118683.5
      ]
    },
    "egress": {
      "preMedian": [
        22714688.0
      ],
      "preStd": [
        0.0
      ],
      "postMedian": [
        64235920.0
      ],
      "postStd": [
        98131326.30628048
      ]
    }
  },
  "3": {
    "ingress": {
      "preMedian": [
        1822447.0,
        2303322.0,
        926312.5
      ],
      "preStd": [
        99353.75953631548,
        88372.9908696656,
        0.0
      ],
      "postMedian": [
        1879761.0,
        2169865.0,
        1029507.8125
      ],
      "postStd": [
        72207.46611673893,
        0.0,
        50162.02888215133
      ]
    },
    "egress": {
      "preMedian": [
        2940729.0,
        1569969.0,
        846177.3125
      ],
      "preStd": [
        773302.0,
        20135.101296547335,
        0.0
      ],
      "postMedian": [
        2825946.0,
        1528387.0,
        863864.625
      ],
      "postStd": [
        2815852.7891128627,
        19601.94278353268,
        36886.27543020744
      ]
    }
  },
  "4": {
    "ingress": {
      "preMedian": [
        1478604.0,
        1761436.5,
        1171385.5
      ],
      "preStd": [
        150038.5841994763,
        58344.5,
        50141.21110922631
      ],
      "postMedian": [
        1477652.0,
        1648780.0,
        1213746.0
      ],
      "postStd": [
        0.0,
        141965.07251377008,
        51083.59428100833
      ]
    },
    "egress": {
      "preMedian": [
        1077568.0,
        1931030.0,
        2813383.0
      ],
      "preStd": [
        22169.741330372464,
        0.0,
        83010.1833690301
      ],
      "postMedian": [
        1055057.0,
        1786497.5,
        2926812.0
      ],
      "postStd": [
        0.0,
        211183.5,
        0.0
      ]
    }
  },
  "5": {
    "ingress": {
      "preMedian": [
        5543052.5,
        6339114.5,
        4416877.0,
        5032330.0,
        4095690.0,
        4867956.0
      ],
      "preStd": [
        231622.5,
        270158.5,
        388005.311709668,
        290209.679948826,
        0.0,
        182047.4692436014
      ],
      "postMedian": [
        5774675.0,
        6609273.0,
        4735062.0,
        5244960.0,
        4346525.0,
        5729594.0
      ],
      "postStd": [
        218375.78723384146,
        0.0,
        0.0,
        212630.0,
        181749.34491896312,
        642452.4683478051
      ]
    },
    "egress": {
      "preMedian": [
        3917658.0,
        4220192.0,
        3607538.5,
        4531786.0,
        3863852.0,
        5254137.0
      ],
      "preStd": [
        102665.77636951642,
        0.0,
        239520.62058724713,
        0.0,
        228768.1349354407,
        0.0
      ],
      "postMedian": [
        4135445.0,
        4220192.0,
        3507957.5,
        3984121.0,
        4616204.0,
        5254137.0
      ],
      "postStd": [
        275117.6736045061,
        350056.1823174782,
        205159.5,
        268299.95999626984,
        0.0,
        385749.6814980409
      ]
    }
  },
  "6": {
    "ingress": {
      "preMedian": [
        418372.75
      ],
      "preStd": [
        0.0
      ],
      "postMedian": [
        439500.375
      ],
      "postStd": [
        19877.157264161
      ]
    },
    "egress": {
      "preMedian": [
        463963.3125
      ],
      "preStd": [
        12316.340612931668
      ],
      "postMedian": [
        463963.3125
      ],
      "postStd": [
        0.0
      ]
    }
  },
  "7": {
    "ingress": {
      "preMedian": [
        445813.5625,
        0.0
      ],
      "preStd": [
        31083.329666043337,
        0.0
      ],
      "postMedian": [
        486717.875,
        0.0
      ],
      "postStd": [
        19282.477832349105,
        0.0
      ]
    },
    "egress": {
      "preMedian": [
        650335.9375,
        0.0
      ],
      "preStd": [
        0.0,
        0.0
      ],
      "postMedian": [
        712046.0,
        0.0
      ],
      "postStd": [
        45727.691157062196,
        0.0
      ]
    }
  },
  "8": {
    "ingress": {
      "preMedian": [
        544765.6875,
        1213963.0,
        1097184.09375
      ],
      "preStd": [
        95325788.85628043,
        599703.6414478017,
        425777.63829153916
      ],
      "postMedian": [
        517628.9375,
        41835903.0,
        409773.5
      ],
      "postStd": [
        0.0,
        2733648541.465457,
        0.0
      ]
    },
    "egress": {
      "preMedian": [
        238493.5,
        281082.625,
        1067473.0
      ],
      "preStd": [
        575636.0563391787,
        0.0,
        26053.335271956425
      ],
      "postMedian": [
        1254312.0,
        281082.625,
        564628.40625
      ],
      "postStd": [
        68449.0,
        12515.911520340818,
        136616.40625
      ]
    }
  },
  "9": {
    "ingress": {
      "preMedian": [
        380334.21875,
        325590.96875
      ],
      "preStd": [
        65143.32417715272,
        72684.611526645
      ],
      "postMedian": [
        666333.75,
        312388.0
      ],
      "postStd": [
        106896.07215074748,
        35033.487476381975
      ]
    },
    "egress": {
      "preMedian": [
        342038.875,
        252932.1875
      ],
      "preStd": [
        44644.8070832529,
        33687.1875
      ],
      "postMedian": [
        277184.375,
        208180.6875
      ],
      "postStd": [
        47493.20132091751,
        100149.74995398858
      ]
    }
  }
}