frequency_band,frequency_mhz,n_events,combined_z,mean_z,target,data_col,kind
1,0.45,1381,0.06974084207107976,0.0018766805266916867,Fornax-A,rv2_coarse,fixed
2,0.7,1390,7.692277792716427,0.2063229598712009,Fornax-A,rv2_coarse,fixed
3,0.9,1398,13.465814530786483,0.360146370833532,Fornax-A,rv2_coarse,fixed
4,1.31,1411,14.601266825013417,0.3887111787778955,Fornax-A,rv2_coarse,fixed
5,2.2,1413,14.91468653619646,0.3967738570161408,Fornax-A,rv2_coarse,fixed
6,3.93,1416,4.237122225329442,0.11260025273294508,Fornax-A,rv2_coarse,fixed
7,4.7,1403,2.770976078279539,0.07397823082545135,Fornax-A,rv2_coarse,fixed
8,6.55,1385,-1.305846711587972,-0.035088702802741914,Fornax-A,rv2_coarse,fixed
9,9.18,1368,1.1652007347425362,0.031503419848757146,Fornax-A,rv2_coarse,fixed
