{
  "1": {
    "ingress": {
      "preMedian": [
        2691196.0,
        2170118.0,
        605084.6875
      ],
      "preStd": [
        0.0,
        0.0,
        29815.517668171466
      ],
      "postMedian": [
        4004825.0,
        2327494.5,
        672829.75
      ],
      "postStd": [
        427254.0306368943,
        108140.39173749507,
        32415.02399995309
      ]
    },
    "egress": {
      "preMedian": [
        2639430.0,
        3316807.0,
        556986.4375
      ],
      "preStd": [
        0.0,
        0.0,
        36822.78124561379
      ],
      "postMedian": [
        3022413.0,
        3316807.0,
        570719.4375
      ],
      "postStd": [
        218246.40030992494,
        111989.49554418039,
        28040.151768314383
      ]
    }
  },
  "2": {
    "ingress": {
      "preMedian": [
        2487424.5,
        2311987.0
      ],
      "preStd": [
        162676.9932859455,
        188551.37505242435
      ],
      "postMedian": [
        2823624.0,
        2048239.5
      ],
      "postStd": [
        0.0,
        49267.5
      ]
    },
    "egress": {
      "preMedian": [
        6320479.0,
        1789382.0
      ],
      "preStd": [
        7597127.1698469855,
        131631.1705948101
      ],
      "postMedian": [
        16997472.0,
        1789382.0
      ],
      "postStd": [
        6729918.179591421,
        0.0
      ]
    }
  },
  "3": {
    "ingress": {
      "preMedian": [
        1693334.0,
        2383374.0,
        1208138.0,
        922074.875
      ],
      "preStd": [
        72175.01545548848,
        77282.41139411276,
        0.0,
        48089.8125
      ],
      "postMedian": [
        1686152.0,
        2479901.0,
        1353026.0,
        892424.625
      ],
      "postStd": [
        43492.841893810524,
        0.0,
        44492.675956386345,
        39674.36657753656
      ]
    },
    "egress": {
      "preMedian": [
        2042813.0,
        2316200.0,
        1827665.0,
        1242354.0
      ],
      "preStd": [
        0.0,
        0.0,
        264467.8873650768,
        52473.8103034266
      ],
      "postMedian": [
        2118463.0,
        2316200.0,
        1055312.0,
        1272804.0
      ],
      "postStd": [
        117249.14941849258,
        97123.87013829299,
        76500.33199582093,
        0.0
      ]
    }
  },
  "4": {
    "ingress": {
      "preMedian": [
        1465699.0
      ],
      "preStd": [
        31741.48549884629
      ],
      "postMedian": [
        1591640.0
      ],
      "postStd": [
        64348.02811909877
      ]
    },
    "egress": {
      "preMedian": [
        1880699.0
      ],
      "preStd": [
        88842.21945088945
      ],
      "postMedian": [
        1759261.0
      ],
      "postStd": [
        0.0
      ]
    }
  },
  "5": {
    "ingress": {
      "preMedian": [
        6147069.0,
        4159489.0,
        989181.5
      ],
      "preStd": [
        391278.43433524424,
        254764.8244153027,
        0.0
      ],
      "postMedian": [
        6414425.5,
        4159489.0,
        940854.9375
      ],
      "postStd": [
        267356.5,
        0.0,
        56573.117616550095
      ]
    },
    "egress": {
      "preMedian": [
        4746211.0,
        4409881.0,
        1123167.0
      ],
      "preStd": [
        213899.96787526642,
        198736.04276003473,
        31639.0
      ],
      "postMedian": [
        4442138.0,
        4575382.0,
        1138764.5
      ],
      "postStd": [
        0.0,
        297287.69547599606,
        68491.64645393944
      ]
    }
  },
  "6": {
    "ingress": {
      "preMedian": [
        439090.25,
        439705.8125,
        503283.1875,
        716453.8125
      ],
      "preStd": [
        9135.43135158336,
        15315.571976786518,
        13468.75,
        0.0
      ],
      "postMedian": [
        460187.625,
        439705.8125,
        489814.4375,
        655320.375
      ],
      "postStd": [
        9945.397951823692,
        0.0,
        23468.73116288858,
        256033.02455794715
      ]
    },
    "egress": {
      "preMedian": [
        428980.1875,
        478262.125,
        511509.0625,
        2053690.0
      ],
      "preStd": [
        17489.261294881067,
        20457.6598398986,
        19278.98475889615,
        426876.7240211628
      ],
      "postMedian": [
        450117.5625,
        478262.125,
        511509.0625,
        1332129.0
      ],
      "postStd": [
        10822.5,
        16964.509477381296,
        0.0,
        0.0
      ]
    }
  },
  "7": {
    "ingress": {
      "preMedian": [
        356859.75,
        433239.4375
      ],
      "preStd": [
        0.0,
        50271.0755982379
      ],
      "postMedian": [
        394148.625,
        433239.4375
      ],
      "postStd": [
        28581.049253438894,
        0.0
      ]
    },
    "egress": {
      "preMedian": [
        428624.3125,
        482903.5
      ],
      "preStd": [
        0.0,
        40735.53218278129
      ],
      "postMedian": [
        408372.9375,
        435605.0625
      ],
      "postStd": [
        35187.30513213068,
        0.0
      ]
    }
  },
  "8": {
    "ingress": {
      "preMedian": [
        1097184.09375
      ],
      "preStd": [
        425777.63829153916
      ],
      "postMedian": [
        409773.5
      ],
      "postStd": [
        0.0
      ]
    },
    "egress": {
      "preMedian": [
        1067473.0
      ],
      "preStd": [
        26053.335271956425
      ],
      "postMedian": [
        701244.8125
      ],
      "postStd": [
        0.0
      ]
    }
  },
  "9": {
    "ingress": {
      "preMedian": [
        315192.625,
        372389.9375,
        535189.4375,
        1350888.0
      ],
      "preStd": [
        38545.955602343696,
        56883.049717718866,
        30047.75111300709,
        0.0
      ],
      "postMedian": [
        222791.9375,
        239814.34375,
        689727.15625,
        935194.5
      ],
      "postStd": [
        30106.0625,
        16971.21875,
        95763.84375,
        692107.4284171406
      ]
    },
    "egress": {
      "preMedian": [
        358617.0625,
        361985.8125,
        442128.25,
        422880.3125
      ],
      "preStd": [
        33271.754928845265,
        110108.70617496286,
        27001.62639499381,
        0.0
      ],
      "postMedian": [
        242768.53125,
        242843.625,
        497668.5,
        343080.6875
      ],
      "postStd": [
        7749.40625,
        8770.6875,
        55540.25,
        42548.69959576926
      ]
    }
  }
}