frequency_band,frequency_mhz,n_events,combined_z,mean_z,target,data_col,kind
1,0.45,1216,3.460367117719877,0.09923283272165828,Mars,rv2_coarse,planet
2,0.7,1224,-17.27181715501766,-0.4936820341542735,Mars,rv2_coarse,planet
3,0.9,1217,-25.01161395580903,-0.7169624783036653,Mars,rv2_coarse,planet
4,1.31,1241,-21.841518144730973,-0.6200074827773688,Mars,rv2_coarse,planet
5,2.2,1256,-13.112242668999697,-0.3699833313196797,Mars,rv2_coarse,planet
6,3.93,1252,3.430818526082148,0.09696066426372936,Mars,rv2_coarse,planet
7,4.7,1246,-3.151180781605044,-0.08927180130990273,Mars,rv2_coarse,planet
8,6.55,1221,-4.9508205728969665,-0.141683525551818,Mars,rv2_coarse,planet
9,9.18,1229,-4.382198091652948,-0.12500174161353594,Mars,rv2_coarse,planet
