frequency_band,frequency_mhz,n_events,combined_z,mean_z,target,data_col,kind
1,0.45,1353,1.5471718803770729,0.04206197542164036,Mercury,rv2_coarse,planet
2,0.7,1368,-5.330000213474135,-0.1441067015428403,Mercury,rv2_coarse,planet
3,0.9,1350,-24.763458286879455,-0.673975967439448,Mercury,rv2_coarse,planet
4,1.31,1353,-19.86931840555513,-0.5401744906425789,Mercury,rv2_coarse,planet
5,2.2,1375,-7.537375861589403,-0.20326791076869347,Mercury,rv2_coarse,planet
6,3.93,1383,0.6674585187939573,0.017947881368928574,Mercury,rv2_coarse,planet
7,4.7,1384,4.969009715009213,0.13356780862129886,Mercury,rv2_coarse,planet
8,6.55,1384,-9.645409017654298,-0.25927020063026995,Mercury,rv2_coarse,planet
9,9.18,1367,-4.635132422765814,-0.12536545720983133,Mercury,rv2_coarse,planet
